dataset	regime	depth	policy_code	family	utility
gse162632	original8	4	S	NC	-0.41777259537831896
gse162632	original8	4	S	CM	-0.3578176134555455
gse162632	original8	4	S	TW	-0.3562332346686726
gse162632	original8	4	S	PCA	-0.3563624109805002
gse162632	original8	4	S	RBF	-0.35656428980591354
gse162632	original8	4	S	scGen	-0.13517933978928104
gse162632	original8	4	S	CPA	-0.41107701770386235
gse162632	original8	4	S	CellOT	-0.1421532788554464
gse162632	original8	4	M	NC	-0.4177725953783189
gse162632	original8	4	M	CM	-0.3578176134555455
gse162632	original8	4	M	TW	-0.3562332346686727
gse162632	original8	4	M	PCA	-0.3563624109805002
gse162632	original8	4	M	RBF	-0.3565642898059135
gse162632	original8	4	M	scGen	-0.13517933978933735
gse162632	original8	4	M	CPA	-0.411077017707176
gse162632	original8	4	M	CellOT	-0.14215327885394619
gse162632	original8	4	P	NC	-0.4177725953783189
gse162632	original8	4	P	CM	-0.3578176134555455
gse162632	original8	4	P	TW	-0.3562332346686727
gse162632	original8	4	P	PCA	-0.3563624109805002
gse162632	original8	4	P	RBF	-0.3565642898059135
gse162632	original8	4	P	scGen	-0.6144656462058635
gse162632	original8	4	P	CPA	-0.8864542804424828
gse162632	original8	4	P	CellOT	-0.6254456282218768
gse162632	original8	4	O	NC	-0.4177725953783189
gse162632	original8	4	O	CM	-0.3578176134555455
gse162632	original8	4	O	TW	-0.3562332346686727
gse162632	original8	4	O	PCA	-0.35636241098050014
gse162632	original8	4	O	RBF	-0.3565642898059135
gse162632	original8	4	O	scGen	-0.5912213771466359
gse162632	original8	4	O	CPA	-0.8710280987186126
gse162632	original8	4	O	CellOT	-0.5941892732607038
gse162632	original8	4	D	NC	-0.4177725953783189
gse162632	original8	4	D	CM	-0.3578176134555455
gse162632	original8	4	D	TW	-0.3562332346686727
gse162632	original8	4	D	PCA	-0.3563624109805002
gse162632	original8	4	D	RBF	-0.3565642898059135
gse162632	original8	4	D	scGen	-0.6028435116773616
gse162632	original8	4	D	CPA	-0.8787411895824737
gse162632	original8	4	D	CellOT	-0.6098174507414759
gse162632	original8	6	S	NC	-0.3398228156843802
gse162632	original8	6	S	CM	-0.2798718471172808
gse162632	original8	6	S	TW	-0.2782892430918773
gse162632	original8	6	S	PCA	-0.27841628641544286
gse162632	original8	6	S	RBF	-0.27861952405360446
gse162632	original8	6	S	scGen	-0.1328189436541493
gse162632	original8	6	S	CPA	-0.4080144648423516
gse162632	original8	6	S	CellOT	-0.13868299937881995
gse162632	original8	6	M	NC	-0.3398228156843802
gse162632	original8	6	M	CM	-0.27987184711728075
gse162632	original8	6	M	TW	-0.27828924309187725
gse162632	original8	6	M	PCA	-0.27841628641544286
gse162632	original8	6	M	RBF	-0.27861952405360446
gse162632	original8	6	M	scGen	-0.13281894365631508
gse162632	original8	6	M	CPA	-0.40801446484550163
gse162632	original8	6	M	CellOT	-0.13868299938110956
gse162632	original8	6	P	NC	-0.3398228156843802
gse162632	original8	6	P	CM	-0.27987184711728075
gse162632	original8	6	P	TW	-0.27828924309187725
gse162632	original8	6	P	PCA	-0.27841628641544286
gse162632	original8	6	P	RBF	-0.27861952405360446
gse162632	original8	6	P	scGen	-0.45225597403063716
gse162632	original8	6	P	CPA	-0.7248487253466112
gse162632	original8	6	P	CellOT	-0.46079747987591435
gse162632	original8	6	O	NC	-0.3398228156843802
gse162632	original8	6	O	CM	-0.27987184711728075
gse162632	original8	6	O	TW	-0.27828924309187725
gse162632	original8	6	O	PCA	-0.27841628641544286
gse162632	original8	6	O	RBF	-0.27861952405360446
gse162632	original8	6	O	scGen	-0.4368429442369395
gse162632	original8	6	O	CPA	-0.7146412353241851
gse162632	original8	6	O	CellOT	-0.4400295498412132
gse162632	original8	6	D	NC	-0.3398228156843802
gse162632	original8	6	D	CM	-0.27987184711728075
gse162632	original8	6	D	TW	-0.27828924309187725
gse162632	original8	6	D	PCA	-0.27841628641544286
gse162632	original8	6	D	RBF	-0.27861952405360446
gse162632	original8	6	D	scGen	-0.44454945913397353
gse162632	original8	6	D	CPA	-0.7197449803375551
gse162632	original8	6	D	CellOT	-0.4504135148602296
gse162632	original8	8	S	NC	-0.30087629623050133
gse162632	original8	8	S	CM	-0.2409216976488369
gse162632	original8	8	S	TW	-0.23934065533389823
gse162632	original8	8	S	PCA	-0.23946557208130068
gse162632	original8	8	S	RBF	-0.23967029669384507
gse162632	original8	8	S	scGen	-0.13165311666033355
gse162632	original8	8	S	CPA	-0.40653439528219565
gse162632	original8	8	S	CellOT	-0.13695759364914087
gse162632	original8	8	M	NC	-0.30087629623050133
gse162632	original8	8	M	CM	-0.2409216976488369
gse162632	original8	8	M	TW	-0.23934065533389823
gse162632	original8	8	M	PCA	-0.23946557208130068
gse162632	original8	8	M	RBF	-0.23967029669384507
gse162632	original8	8	M	scGen	-0.13165311666034854
gse162632	original8	8	M	CPA	-0.4065343952851447
gse162632	original8	8	M	CellOT	-0.13695759365022683
gse162632	original8	8	P	NC	-0.30087629623050133
gse162632	original8	8	P	CM	-0.2409216976488369
gse162632	original8	8	P	TW	-0.23934065533389823
gse162632	original8	8	P	PCA	-0.23946557208130068
gse162632	original8	8	P	RBF	-0.23967029669384507
gse162632	original8	8	P	scGen	-0.37129372287368106
gse162632	original8	8	P	CPA	-0.644214705421897
gse162632	original8	8	P	CellOT	-0.37860777266109374
gse162632	original8	8	O	NC	-0.30087629623050133
gse162632	original8	8	O	CM	-0.24092169764883686
gse162632	original8	8	O	TW	-0.23934065533389823
gse162632	original8	8	O	PCA	-0.23946557208130068
gse162632	original8	8	O	RBF	-0.23967029669384507
gse162632	original8	8	O	scGen	-0.35968425951794303
gse162632	original8	8	O	CPA	-0.6365258342002217
gse162632	original8	8	O	CellOT	-0.3629791637032568
gse162632	original8	8	D	NC	-0.30087629623050133
gse162632	original8	8	D	CM	-0.2409216976488369
gse162632	original8	8	D	TW	-0.23934065533389823
gse162632	original8	8	D	PCA	-0.23946557208130068
gse162632	original8	8	D	RBF	-0.23967029669384507
gse162632	original8	8	D	scGen	-0.3654889911961965
gse162632	original8	8	D	CPA	-0.6403702698115503
gse162632	original8	8	D	CellOT	-0.37079346818300435
gse162632	cap48	4	S	NC	-0.41777259537831896
gse162632	cap48	4	S	CM	-0.35368510848308055
gse162632	cap48	4	S	TW	-0.35352970136606615
gse162632	cap48	4	S	PCA	-0.35333548439557116
gse162632	cap48	4	S	RBF	-0.35336226202623083
gse162632	cap48	4	S	scGen	-0.13278423671596215
gse162632	cap48	4	S	CPA	-0.3971368469033743
gse162632	cap48	4	S	CellOT	-0.1419778094047953
gse162632	cap48	4	M	NC	-0.4177725953783189
gse162632	cap48	4	M	CM	-0.35368510848308055
gse162632	cap48	4	M	TW	-0.35352970136606615
gse162632	cap48	4	M	PCA	-0.35333548439557116
gse162632	cap48	4	M	RBF	-0.3533622620262309
gse162632	cap48	4	M	scGen	-0.13278423671393794
gse162632	cap48	4	M	CPA	-0.39713684690668294
gse162632	cap48	4	M	CellOT	-0.14197780940305088
gse162632	cap48	4	P	NC	-0.4177725953783189
gse162632	cap48	4	P	CM	-0.35368510848308055
gse162632	cap48	4	P	TW	-0.35352970136606615
gse162632	cap48	4	P	PCA	-0.35333548439557116
gse162632	cap48	4	P	RBF	-0.3533622620262309
gse162632	cap48	4	P	scGen	-0.6217788821502256
gse162632	cap48	4	P	CPA	-0.8785931192396137
gse162632	cap48	4	P	CellOT	-0.6338492508954376
gse162632	cap48	4	O	NC	-0.4177725953783189
gse162632	cap48	4	O	CM	-0.35368510848308055
gse162632	cap48	4	O	TW	-0.35352970136606615
gse162632	cap48	4	O	PCA	-0.35333548439557116
gse162632	cap48	4	O	RBF	-0.3533622620262309
gse162632	cap48	4	O	scGen	-0.5791179350538236
gse162632	cap48	4	O	CPA	-0.8510089183243155
gse162632	cap48	4	O	CellOT	-0.5854347116848686
gse162632	cap48	4	D	NC	-0.4177725953783189
gse162632	cap48	4	D	CM	-0.35368510848308055
gse162632	cap48	4	D	TW	-0.35352970136606615
gse162632	cap48	4	D	PCA	-0.35333548439557116
gse162632	cap48	4	D	RBF	-0.3533622620262309
gse162632	cap48	4	D	scGen	-0.6004484086013382
gse162632	cap48	4	D	CPA	-0.8648010187840797
gse162632	cap48	4	D	CellOT	-0.6096419812906246
gse162632	cap48	6	S	NC	-0.3398228156843802
gse162632	cap48	6	S	CM	-0.27573456706204375
gse162632	cap48	6	S	TW	-0.2755794803254092
gse162632	cap48	6	S	PCA	-0.27538557273798886
gse162632	cap48	6	S	RBF	-0.2754120964342192
gse162632	cap48	6	S	scGen	-0.12893121411663855
gse162632	cap48	6	S	CPA	-0.39287819560416987
gse162632	cap48	6	S	CellOT	-0.13685272363936515
gse162632	cap48	6	M	NC	-0.3398228156843802
gse162632	cap48	6	M	CM	-0.27573456706204375
gse162632	cap48	6	M	TW	-0.2755794803254092
gse162632	cap48	6	M	PCA	-0.27538557273798886
gse162632	cap48	6	M	RBF	-0.2754120964342192
gse162632	cap48	6	M	scGen	-0.12893121411781625
gse162632	cap48	6	M	CPA	-0.3928781956118759
gse162632	cap48	6	M	CellOT	-0.13685272364142487
gse162632	cap48	6	P	NC	-0.3398228156843802
gse162632	cap48	6	P	CM	-0.27573456706204375
gse162632	cap48	6	P	TW	-0.2755794803254092
gse162632	cap48	6	P	PCA	-0.27538557273798886
gse162632	cap48	6	P	RBF	-0.2754120964342192
gse162632	cap48	6	P	scGen	-0.45485088982959215
gse162632	cap48	6	P	CPA	-0.7137610941166169
gse162632	cap48	6	P	CellOT	-0.4646857507014783
gse162632	cap48	6	O	NC	-0.3398228156843802
gse162632	cap48	6	O	CM	-0.27573456706204375
gse162632	cap48	6	O	TW	-0.2755794803254092
gse162632	cap48	6	O	PCA	-0.27538557273798886
gse162632	cap48	6	O	RBF	-0.2754120964342192
gse162632	cap48	6	O	scGen	-0.42647256936122324
gse162632	cap48	6	O	CPA	-0.6954563280776128
gse162632	cap48	6	O	CellOT	-0.43248072753645933
gse162632	cap48	6	D	NC	-0.3398228156843802
gse162632	cap48	6	D	CM	-0.27573456706204375
gse162632	cap48	6	D	TW	-0.2755794803254092
gse162632	cap48	6	D	PCA	-0.27538557273798886
gse162632	cap48	6	D	RBF	-0.2754120964342192
gse162632	cap48	6	D	scGen	-0.44066172959718414
gse162632	cap48	6	D	CPA	-0.7046087111005832
gse162632	cap48	6	D	CellOT	-0.4485832391198034
gse162632	cap48	8	S	NC	-0.30087629623050133
gse162632	cap48	8	S	CM	-0.2367826960313567
gse162632	cap48	8	S	TW	-0.2366278415336044
gse162632	cap48	8	S	PCA	-0.23643349450105297
gse162632	cap48	8	S	RBF	-0.2364605458977393
gse162632	cap48	8	S	scGen	-0.12702096218000092
gse162632	cap48	8	S	CPA	-0.3908212613565867
gse162632	cap48	8	S	CellOT	-0.13430931301264337
gse162632	cap48	8	M	NC	-0.30087629623050133
gse162632	cap48	8	M	CM	-0.2367826960313567
gse162632	cap48	8	M	TW	-0.2366278415336044
gse162632	cap48	8	M	PCA	-0.23643349450105292
gse162632	cap48	8	M	RBF	-0.2364605458977393
gse162632	cap48	8	M	scGen	-0.12702096218097866
gse162632	cap48	8	M	CPA	-0.39082126135978246
gse162632	cap48	8	M	CellOT	-0.13430931301289004
gse162632	cap48	8	P	NC	-0.30087629623050133
gse162632	cap48	8	P	CM	-0.2367826960313567
gse162632	cap48	8	P	TW	-0.2366278415336044
gse162632	cap48	8	P	PCA	-0.23643349450105292
gse162632	cap48	8	P	RBF	-0.2364605458977393
gse162632	cap48	8	P	scGen	-0.3715219861493624
gse162632	cap48	8	P	CPA	-0.6315360821443298
gse162632	cap48	8	P	CellOT	-0.38025062361200374
gse162632	cap48	8	O	NC	-0.30087629623050133
gse162632	cap48	8	O	CM	-0.2367826960313567
gse162632	cap48	8	O	TW	-0.2366278415336044
gse162632	cap48	8	O	PCA	-0.23643349450105294
gse162632	cap48	8	O	RBF	-0.2364605458977393
gse162632	cap48	8	O	scGen	-0.35019168727982075
gse162632	cap48	8	O	CPA	-0.6177781896239563
gse162632	cap48	8	O	CellOT	-0.3560397514785561
gse162632	cap48	8	D	NC	-0.30087629623050133
gse162632	cap48	8	D	CM	-0.2367826960313567
gse162632	cap48	8	D	TW	-0.2366278415336044
gse162632	cap48	8	D	PCA	-0.23643349450105292
gse162632	cap48	8	D	RBF	-0.2364605458977393
gse162632	cap48	8	D	scGen	-0.3608568367148926
gse162632	cap48	8	D	CPA	-0.624657135885204
gse162632	cap48	8	D	CellOT	-0.36814518754533654
parse	common48	16	S	NC	-0.06439464414952933
parse	common48	16	S	CM	-0.07035665244309736
parse	common48	16	S	TW	-0.06619477722848943
parse	common48	16	S	PCA	-0.06620592108660744
parse	common48	16	S	RBF	-0.06354609296567634
parse	common48	16	S	scGen	-0.020111334286703524
parse	common48	16	S	CPA	-0.17444584470552002
parse	common48	16	S	CellOT	-0.027532077428693104
parse	common48	16	M	NC	-0.06439464414952933
parse	common48	16	M	CM	-0.07035665244309736
parse	common48	16	M	TW	-0.06619477722848943
parse	common48	16	M	PCA	-0.06620592108660744
parse	common48	16	M	RBF	-0.06354609296567634
parse	common48	16	M	scGen	-0.02011133428669531
parse	common48	16	M	CPA	-0.17444584470509347
parse	common48	16	M	CellOT	-0.027532077428676624
parse	common48	16	P	NC	-0.06439464414952933
parse	common48	16	P	CM	-0.07035665244309736
parse	common48	16	P	TW	-0.06619477722848943
parse	common48	16	P	PCA	-0.06620592108660744
parse	common48	16	P	RBF	-0.06354609296567634
parse	common48	16	P	scGen	-0.1287932651125428
parse	common48	16	P	CPA	-0.28110000077225017
parse	common48	16	P	CellOT	-0.1368453084186096
parse	common48	16	O	NC	-0.06439464414952933
parse	common48	16	O	CM	-0.07035665244309736
parse	common48	16	O	TW	-0.06619477722848943
parse	common48	16	O	PCA	-0.06620592108660744
parse	common48	16	O	RBF	-0.06354609296567634
parse	common48	16	O	scGen	-0.11465590530163951
parse	common48	16	O	CPA	-0.27101819047637016
parse	common48	16	O	CellOT	-0.12144534827937495
parse	common48	16	D	NC	-0.06439464414952933
parse	common48	16	D	CM	-0.07035665244309736
parse	common48	16	D	TW	-0.06619477722848943
parse	common48	16	D	PCA	-0.06620592108660744
parse	common48	16	D	RBF	-0.06354609296567634
parse	common48	16	D	scGen	-0.12172458520704511
parse	common48	16	D	CPA	-0.27605909562397357
parse	common48	16	D	CellOT	-0.12914532834893522
parse	common48	24	S	NC	-0.04745013329630618
parse	common48	24	S	CM	-0.05341834078107974
parse	common48	24	S	TW	-0.049255838187994956
parse	common48	24	S	PCA	-0.04926698160947003
parse	common48	24	S	RBF	-0.04660293630775523
parse	common48	24	S	scGen	-0.019086002660494227
parse	common48	24	S	CPA	-0.17312800633204103
parse	common48	24	S	CellOT	-0.026161536096760314
parse	common48	24	M	NC	-0.04745013329630618
parse	common48	24	M	CM	-0.05341834078107974
parse	common48	24	M	TW	-0.049255838187994956
parse	common48	24	M	PCA	-0.04926698160947003
parse	common48	24	M	RBF	-0.04660293630775522
parse	common48	24	M	scGen	-0.019086002660543347
parse	common48	24	M	CPA	-0.17312800633209544
parse	common48	24	M	CellOT	-0.02616153609681006
parse	common48	24	P	NC	-0.04745013329630618
parse	common48	24	P	CM	-0.05341834078107974
parse	common48	24	P	TW	-0.049255838187994956
parse	common48	24	P	PCA	-0.04926698160947003
parse	common48	24	P	RBF	-0.04660293630775522
parse	common48	24	P	scGen	-0.09155058619818844
parse	common48	24	P	CPA	-0.24423552714559174
parse	common48	24	P	CellOT	-0.0990464062839702
parse	common48	24	O	NC	-0.04745013329630618
parse	common48	24	O	CM	-0.05341834078107974
parse	common48	24	O	TW	-0.049255838187994956
parse	common48	24	O	PCA	-0.04926698160947003
parse	common48	24	O	RBF	-0.04660293630775522
parse	common48	24	O	scGen	-0.08210801366630252
parse	common48	24	O	CPA	-0.23750708006154256
parse	common48	24	O	CellOT	-0.08876326045305623
parse	common48	24	D	NC	-0.04745013329630618
parse	common48	24	D	CM	-0.05341834078107974
parse	common48	24	D	TW	-0.049255838187994956
parse	common48	24	D	PCA	-0.04926698160947003
parse	common48	24	D	RBF	-0.04660293630775522
parse	common48	24	D	scGen	-0.08682929993227696
parse	common48	24	D	CPA	-0.24087130360357273
parse	common48	24	D	CellOT	-0.09390483336854104
parse	common48	32	S	NC	-0.03898259334520259
parse	common48	32	S	CM	-0.04495251673327445
parse	common48	32	S	TW	-0.040789121438332764
parse	common48	32	S	PCA	-0.040800261672038686
parse	common48	32	S	RBF	-0.03813573562567685
parse	common48	32	S	scGen	-0.018570974842904934
parse	common48	32	S	CPA	-0.17246985722865704
parse	common48	32	S	CellOT	-0.025471434909618368
parse	common48	32	M	NC	-0.038982593345202585
parse	common48	32	M	CM	-0.04495251673327445
parse	common48	32	M	TW	-0.040789121438332764
parse	common48	32	M	PCA	-0.040800261672038686
parse	common48	32	M	RBF	-0.03813573562567685
parse	common48	32	M	scGen	-0.01857097484288061
parse	common48	32	M	CPA	-0.1724698572287019
parse	common48	32	M	CellOT	-0.02547143490958368
parse	common48	32	P	NC	-0.038982593345202585
parse	common48	32	P	CM	-0.04495251673327445
parse	common48	32	P	TW	-0.040789121438332764
parse	common48	32	P	PCA	-0.040800261672038686
parse	common48	32	P	RBF	-0.03813573562567685
parse	common48	32	P	scGen	-0.07292626026186141
parse	common48	32	P	CPA	-0.22580767629431703
parse	common48	32	P	CellOT	-0.08014132884637291
parse	common48	32	O	NC	-0.0389825933452026
parse	common48	32	O	CM	-0.04495251673327445
parse	common48	32	O	TW	-0.040789121438332764
parse	common48	32	O	PCA	-0.040800261672038686
parse	common48	32	O	RBF	-0.03813573562567685
parse	common48	32	O	scGen	-0.06584309300597302
parse	common48	32	O	CPA	-0.2207594417454601
parse	common48	32	O	CellOT	-0.07242894455488368
parse	common48	32	D	NC	-0.038982593345202585
parse	common48	32	D	CM	-0.04495251673327445
parse	common48	32	D	TW	-0.040789121438332764
parse	common48	32	D	PCA	-0.040800261672038686
parse	common48	32	D	RBF	-0.03813573562567685
parse	common48	32	D	scGen	-0.06938467663390334
parse	common48	32	D	CPA	-0.2232835590199037
parse	common48	32	D	CellOT	-0.07628513670061532
parse	common48	40	S	NC	-0.033902130644972425
parse	common48	40	S	CM	-0.03987210931099552
parse	common48	40	S	TW	-0.03570852553929638
parse	common48	40	S	PCA	-0.0357196642779748
parse	common48	40	S	RBF	-0.03305527295453516
parse	common48	40	S	scGen	-0.018261253773696785
parse	common48	40	S	CPA	-0.17206766887303526
parse	common48	40	S	CellOT	-0.025056645385818484
parse	common48	40	M	NC	-0.033902130644972425
parse	common48	40	M	CM	-0.039872109310995524
parse	common48	40	M	TW	-0.03570852553929638
parse	common48	40	M	PCA	-0.0357196642779748
parse	common48	40	M	RBF	-0.03305527295453516
parse	common48	40	M	scGen	-0.018261253773755905
parse	common48	40	M	CPA	-0.17206766887300637
parse	common48	40	M	CellOT	-0.025056645385860415
parse	common48	40	P	NC	-0.033902130644972425
parse	common48	40	P	CM	-0.039872109310995524
parse	common48	40	P	TW	-0.03570852553929638
parse	common48	40	P	PCA	-0.0357196642779748
parse	common48	40	P	RBF	-0.03305527295453516
parse	common48	40	P	scGen	-0.061746176012924744
parse	common48	40	P	CPA	-0.21474226739630092
parse	common48	40	P	CellOT	-0.06879249536584192
parse	common48	40	O	NC	-0.03390213064497243
parse	common48	40	O	CM	-0.039872109310995524
parse	common48	40	O	TW	-0.03570852553929638
parse	common48	40	O	PCA	-0.0357196642779748
parse	common48	40	O	RBF	-0.03305527295453516
parse	common48	40	O	scGen	-0.05608093972228724
parse	common48	40	O	CPA	-0.21069767853772214
parse	common48	40	O	CellOT	-0.06262540359358035
parse	common48	40	D	NC	-0.033902130644972425
parse	common48	40	D	CM	-0.039872109310995524
parse	common48	40	D	TW	-0.03570852553929638
parse	common48	40	D	PCA	-0.0357196642779748
parse	common48	40	D	RBF	-0.03305527295453516
parse	common48	40	D	scGen	-0.05891355786763482
parse	common48	40	D	CPA	-0.21271997296698672
parse	common48	40	D	CellOT	-0.06570894947973739
parse	common48	48	S	NC	-0.030515279084579364
parse	common48	48	S	CM	-0.03648560358651905
parse	common48	48	S	TW	-0.03232234166885576
parse	common48	48	S	PCA	-0.0323334785155219
parse	common48	48	S	RBF	-0.029668521436816888
parse	common48	48	S	scGen	-0.018056557837051367
parse	common48	48	S	CPA	-0.17180454710721216
parse	common48	48	S	CellOT	-0.02478212906633942
parse	common48	48	M	NC	-0.030515279084579364
parse	common48	48	M	CM	-0.03648560358651905
parse	common48	48	M	TW	-0.03232234166885577
parse	common48	48	M	PCA	-0.0323334785155219
parse	common48	48	M	RBF	-0.029668521436816888
parse	common48	48	M	scGen	-0.018056557837051287
parse	common48	48	M	CPA	-0.17180454710725215
parse	common48	48	M	CellOT	-0.02478212906634232
parse	common48	48	P	NC	-0.030515279084579364
parse	common48	48	P	CM	-0.03648560358651905
parse	common48	48	P	TW	-0.03232234166885577
parse	common48	48	P	PCA	-0.0323334785155219
parse	common48	48	P	RBF	-0.029668521436816888
parse	common48	48	P	scGen	-0.05429756336627134
parse	common48	48	P	CPA	-0.20736908955592892
parse	common48	48	P	CellOT	-0.06123260264101491
parse	common48	48	O	NC	-0.030515279084579364
parse	common48	48	O	CM	-0.03648560358651905
parse	common48	48	O	TW	-0.03232234166885577
parse	common48	48	O	PCA	-0.0323334785155219
parse	common48	48	O	RBF	-0.029668521436816888
parse	common48	48	O	scGen	-0.04957483383729986
parse	common48	48	O	CPA	-0.2039992861881201
parse	common48	48	O	CellOT	-0.05609093702114513
parse	common48	48	D	NC	-0.030515279084579364
parse	common48	48	D	CM	-0.03648560358651905
parse	common48	48	D	TW	-0.03232234166885577
parse	common48	48	D	PCA	-0.0323334785155219
parse	common48	48	D	RBF	-0.029668521436816888
parse	common48	48	D	scGen	-0.051936198601783494
parse	common48	48	D	CPA	-0.20568418787204992
parse	common48	48	D	CellOT	-0.05866176983108162
parse	common128	16	S	NC	-0.06439464414952933
parse	common128	16	S	CM	-0.06721308512966481
parse	common128	16	S	TW	-0.06494750393959613
parse	common128	16	S	PCA	-0.06494043772085291
parse	common128	16	S	RBF	-0.06263434771179872
parse	common128	16	S	scGen	-0.019603338192595934
parse	common128	16	S	CPA	-0.17570364782089504
parse	common128	16	S	CellOT	-0.02661424544218545
parse	common128	16	M	NC	-0.06439464414952933
parse	common128	16	M	CM	-0.06721308512966481
parse	common128	16	M	TW	-0.06494750393959613
parse	common128	16	M	PCA	-0.06494043772085291
parse	common128	16	M	RBF	-0.06263434771179872
parse	common128	16	M	scGen	-0.019603338192587163
parse	common128	16	M	CPA	-0.17570364782061187
parse	common128	16	M	CellOT	-0.026614245442159533
parse	common128	16	P	NC	-0.06439464414952933
parse	common128	16	P	CM	-0.06721308512966481
parse	common128	16	P	TW	-0.06494750393959613
parse	common128	16	P	PCA	-0.06494043772085291
parse	common128	16	P	RBF	-0.06263434771179872
parse	common128	16	P	scGen	-0.12802856288583114
parse	common128	16	P	CPA	-0.28341535251454225
parse	common128	16	P	CellOT	-0.13572673866734375
parse	common128	16	O	NC	-0.06439464414952933
parse	common128	16	O	CM	-0.06721308512966481
parse	common128	16	O	TW	-0.06494750393959613
parse	common128	16	O	PCA	-0.06494043772085291
parse	common128	16	O	RBF	-0.06263434771179872
parse	common128	16	O	scGen	-0.11440461534018927
parse	common128	16	O	CPA	-0.27121844496503456
parse	common128	16	O	CellOT	-0.12072825405759821
parse	common128	16	D	NC	-0.06439464414952933
parse	common128	16	D	CM	-0.06721308512966481
parse	common128	16	D	TW	-0.06494750393959613
parse	common128	16	D	PCA	-0.06494043772085291
parse	common128	16	D	RBF	-0.06263434771179872
parse	common128	16	D	scGen	-0.12121658911295793
parse	common128	16	D	CPA	-0.2773168987395938
parse	common128	16	D	CellOT	-0.1282274963624151
parse	common128	24	S	NC	-0.04745013329630618
parse	common128	24	S	CM	-0.050275570105978155
parse	common128	24	S	TW	-0.048009945591348614
parse	common128	24	S	PCA	-0.04800287767024728
parse	common128	24	S	RBF	-0.04569496174622341
parse	common128	24	S	scGen	-0.018622113716282925
parse	common128	24	S	CPA	-0.1745604428587459
parse	common128	24	S	CellOT	-0.02536000261802175
parse	common128	24	M	NC	-0.04745013329630618
parse	common128	24	M	CM	-0.050275570105978155
parse	common128	24	M	TW	-0.048009945591348614
parse	common128	24	M	PCA	-0.04800287767024728
parse	common128	24	M	RBF	-0.04569496174622341
parse	common128	24	M	scGen	-0.01862211371631909
parse	common128	24	M	CPA	-0.17456044285865943
parse	common128	24	M	CellOT	-0.02536000261808196
parse	common128	24	P	NC	-0.04745013329630618
parse	common128	24	P	CM	-0.050275570105978155
parse	common128	24	P	TW	-0.048009945591348614
parse	common128	24	P	PCA	-0.04800287767024728
parse	common128	24	P	RBF	-0.04569496174622341
parse	common128	24	P	scGen	-0.09091498222783066
parse	common128	24	P	CPA	-0.24637258621087382
parse	common128	24	P	CellOT	-0.09811086409504977
parse	common128	24	O	NC	-0.04745013329630618
parse	common128	24	O	CM	-0.050275570105978155
parse	common128	24	O	TW	-0.048009945591348614
parse	common128	24	O	PCA	-0.04800287767024729
parse	common128	24	O	RBF	-0.04569496174622341
parse	common128	24	O	scGen	-0.08181583974824365
parse	common128	24	O	CPA	-0.23823489404938686
parse	common128	24	O	CellOT	-0.08809573568457432
parse	common128	24	D	NC	-0.04745013329630618
parse	common128	24	D	CM	-0.050275570105978155
parse	common128	24	D	TW	-0.048009945591348614
parse	common128	24	D	PCA	-0.04800287767024728
parse	common128	24	D	RBF	-0.04569496174622341
parse	common128	24	D	scGen	-0.08636541098806502
parse	common128	24	D	CPA	-0.2423037401300413
parse	common128	24	D	CellOT	-0.09310329988983942
parse	common128	32	S	NC	-0.03898259334520259
parse	common128	32	S	CM	-0.041809726460618396
parse	common128	32	S	TW	-0.03954406941854336
parse	common128	32	S	PCA	-0.039536994675586176
parse	common128	32	S	RBF	-0.03722861223540189
parse	common128	32	S	scGen	-0.018128786997993494
parse	common128	32	S	CPA	-0.17399216379603116
parse	common128	32	S	CellOT	-0.02472654614115102
parse	common128	32	M	NC	-0.038982593345202585
parse	common128	32	M	CM	-0.041809726460618396
parse	common128	32	M	TW	-0.03954406941854336
parse	common128	32	M	PCA	-0.03953699467558618
parse	common128	32	M	RBF	-0.03722861223540189
parse	common128	32	M	scGen	-0.01812878699796923
parse	common128	32	M	CPA	-0.1739921637961425
parse	common128	32	M	CellOT	-0.024726546141123303
parse	common128	32	P	NC	-0.038982593345202585
parse	common128	32	P	CM	-0.041809726460618396
parse	common128	32	P	TW	-0.03954406941854336
parse	common128	32	P	PCA	-0.03953699467558618
parse	common128	32	P	RBF	-0.03722861223540189
parse	common128	32	P	scGen	-0.07235581877037646
parse	common128	32	P	CPA	-0.2278599774792769
parse	common128	32	P	CellOT	-0.0792961016353011
parse	common128	32	O	NC	-0.0389825933452026
parse	common128	32	O	CM	-0.041809726460618396
parse	common128	32	O	TW	-0.03954406941854336
parse	common128	32	O	PCA	-0.03953699467558618
parse	common128	32	O	RBF	-0.03722861223540189
parse	common128	32	O	scGen	-0.06552915880762379
parse	common128	32	O	CPA	-0.22175175369536695
parse	common128	32	O	CellOT	-0.07178439422906455
parse	common128	32	D	NC	-0.038982593345202585
parse	common128	32	D	CM	-0.041809726460618396
parse	common128	32	D	TW	-0.03954406941854336
parse	common128	32	D	PCA	-0.03953699467558618
parse	common128	32	D	RBF	-0.03722861223540189
parse	common128	32	D	scGen	-0.06894248878899109
parse	common128	32	D	CPA	-0.22480586558735322
parse	common128	32	D	CellOT	-0.07554024793216814
parse	common128	40	S	NC	-0.033902130644972425
parse	common128	40	S	CM	-0.03672872806726152
parse	common128	40	S	TW	-0.03446306673908159
parse	common128	40	S	PCA	-0.034455990045574196
parse	common128	40	S	RBF	-0.03214774818276074
parse	common128	40	S	scGen	-0.01783110747491956
parse	common128	40	S	CPA	-0.17364590289863957
parse	common128	40	S	CellOT	-0.024345720795729425
parse	common128	40	M	NC	-0.033902130644972425
parse	common128	40	M	CM	-0.03672872806726152
parse	common128	40	M	TW	-0.03446306673908159
parse	common128	40	M	PCA	-0.034455990045574196
parse	common128	40	M	RBF	-0.03214774818276074
parse	common128	40	M	scGen	-0.01783110747496334
parse	common128	40	M	CPA	-0.1736459028985375
parse	common128	40	M	CellOT	-0.024345720795771946
parse	common128	40	P	NC	-0.033902130644972425
parse	common128	40	P	CM	-0.03672872806726152
parse	common128	40	P	TW	-0.03446306673908159
parse	common128	40	P	PCA	-0.034455990045574196
parse	common128	40	P	RBF	-0.03214774818276074
parse	common128	40	P	scGen	-0.06121331240818081
parse	common128	40	P	CPA	-0.2167442576806505
parse	common128	40	P	CellOT	-0.06800149028678432
parse	common128	40	O	NC	-0.03390213064497243
parse	common128	40	O	CM	-0.03672872806726152
parse	common128	40	O	TW	-0.03446306673908159
parse	common128	40	O	PCA	-0.034455990045574196
parse	common128	40	O	RBF	-0.03214774818276074
parse	common128	40	O	scGen	-0.05575351072946331
parse	common128	40	O	CPA	-0.21185215630456608
parse	common128	40	O	CellOT	-0.06199455949246545
parse	common128	40	D	NC	-0.033902130644972425
parse	common128	40	D	CM	-0.03672872806726152
parse	common128	40	D	TW	-0.03446306673908159
parse	common128	40	D	PCA	-0.034455990045574196
parse	common128	40	D	RBF	-0.03214774818276074
parse	common128	40	D	scGen	-0.05848341156884608
parse	common128	40	D	CPA	-0.21429820699253213
parse	common128	40	D	CellOT	-0.06499802488965163
parse	common128	48	S	NC	-0.030515279084579364
parse	common128	48	S	CM	-0.03334186997471002
parse	common128	48	S	TW	-0.031076224624387652
parse	common128	48	S	PCA	-0.03106914609909716
parse	common128	48	S	RBF	-0.02876092699583244
parse	common128	48	S	scGen	-0.017634659875607663
parse	common128	48	S	CPA	-0.17341901577022464
parse	common128	48	S	CellOT	-0.024093365228830824
parse	common128	48	M	NC	-0.030515279084579364
parse	common128	48	M	CM	-0.03334186997471002
parse	common128	48	M	TW	-0.031076224624387652
parse	common128	48	M	PCA	-0.03106914609909716
parse	common128	48	M	RBF	-0.02876092699583244
parse	common128	48	M	scGen	-0.017634659875606095
parse	common128	48	M	CPA	-0.1734190157701403
parse	common128	48	M	CellOT	-0.024093365228831126
parse	common128	48	P	NC	-0.030515279084579364
parse	common128	48	P	CM	-0.03334186997471002
parse	common128	48	P	TW	-0.031076224624387652
parse	common128	48	P	PCA	-0.03106914609909716
parse	common128	48	P	RBF	-0.02876092699583244
parse	common128	48	P	scGen	-0.053789984868557926
parse	common128	48	P	CPA	-0.2093362465243954
parse	common128	48	P	CellOT	-0.06047691926506095
parse	common128	48	O	NC	-0.030515279084579364
parse	common128	48	O	CM	-0.03334186997471002
parse	common128	48	O	TW	-0.031076224624387652
parse	common128	48	O	PCA	-0.031069146099097156
parse	common128	48	O	RBF	-0.02876092699583244
parse	common128	48	O	scGen	-0.049238616412125964
parse	common128	48	O	CPA	-0.20526106654555612
parse	common128	48	O	CellOT	-0.05546909272204261
parse	common128	48	D	NC	-0.030515279084579364
parse	common128	48	D	CM	-0.03334186997471002
parse	common128	48	D	TW	-0.031076224624387652
parse	common128	48	D	PCA	-0.03106914609909716
parse	common128	48	D	RBF	-0.02876092699583244
parse	common128	48	D	scGen	-0.051514300640342466
parse	common128	48	D	CPA	-0.20729865653491883
parse	common128	48	D	CellOT	-0.0579730059935538
