task	model_a	model_b	allocation	S_margin	O_margin	O_fixed_input_margin	S_direction	O_direction	O_fixed_input_direction	strict_S_O_reversal	actual_vs_fixed_input_direction_changed
Astro	NO_CHANGE_DIRECT_V1	PCA64_ADDITIVE_RIDGE_DIRECT_V1	0	-0.03810546572595998	-0.03760246685338278	-0.03760246685338278	-1	-1	-1	False	False
Astro	NO_CHANGE_DIRECT_V1	PCA64_ADDITIVE_RIDGE_DIRECT_V1	1	-0.03810546572595998	-0.03860846459853717	-0.03860846459853717	-1	-1	-1	False	False
Astro	NO_CHANGE_DIRECT_V1	PCA64_ADDITIVE_RIDGE_DIRECT_V1	2	-0.03810546572595998	-0.040225356909419946	-0.040225356909419946	-1	-1	-1	False	False
Astro	NO_CHANGE_DIRECT_V1	PCA64_ADDITIVE_RIDGE_DIRECT_V1	3	-0.03810546572595998	-0.03598557454250012	-0.03598557454250012	-1	-1	-1	False	False
Astro	NO_CHANGE_DIRECT_V1	PCA64_ADDITIVE_RIDGE_DIRECT_V1	4	-0.03810546572595998	-0.03827846818388794	-0.03827846818388794	-1	-1	-1	False	False
Astro	NO_CHANGE_DIRECT_V1	PCA64_ADDITIVE_RIDGE_DIRECT_V1	5	-0.03810546572595998	-0.03793246326803204	-0.03793246326803204	-1	-1	-1	False	False
Astro	NO_CHANGE_DIRECT_V1	PCA64_ADDITIVE_RIDGE_DIRECT_V1	6	-0.03810546572595998	-0.03834576991238575	-0.03834576991238575	-1	-1	-1	False	False
Astro	NO_CHANGE_DIRECT_V1	PCA64_ADDITIVE_RIDGE_DIRECT_V1	7	-0.03810546572595998	-0.03786516153953423	-0.03786516153953423	-1	-1	-1	False	False
Astro	NO_CHANGE_DIRECT_V1	PCA64_ADDITIVE_RIDGE_DIRECT_V1	8	-0.03810546572595998	-0.036543604194458845	-0.036543604194458845	-1	-1	-1	False	False
Astro	NO_CHANGE_DIRECT_V1	PCA64_ADDITIVE_RIDGE_DIRECT_V1	9	-0.03810546572595998	-0.039667327257461096	-0.039667327257461096	-1	-1	-1	False	False
Astro	NO_CHANGE_DIRECT_V1	PCA64_ADDITIVE_RIDGE_DIRECT_V1	10	-0.03810546572595998	-0.0392220119135917	-0.0392220119135917	-1	-1	-1	False	False
Astro	NO_CHANGE_DIRECT_V1	PCA64_ADDITIVE_RIDGE_DIRECT_V1	11	-0.03810546572595998	-0.03698891953832828	-0.03698891953832828	-1	-1	-1	False	False
Astro	NO_CHANGE_DIRECT_V1	PCA64_ADDITIVE_RIDGE_DIRECT_V1	12	-0.03810546572595998	-0.039290308374277244	-0.039290308374277244	-1	-1	-1	False	False
Astro	NO_CHANGE_DIRECT_V1	PCA64_ADDITIVE_RIDGE_DIRECT_V1	13	-0.03810546572595998	-0.03692062307764274	-0.03692062307764274	-1	-1	-1	False	False
Astro	NO_CHANGE_DIRECT_V1	PCA64_ADDITIVE_RIDGE_DIRECT_V1	14	-0.03810546572595998	-0.03917821013733927	-0.03917821013733927	-1	-1	-1	False	False
Astro	NO_CHANGE_DIRECT_V1	PCA64_ADDITIVE_RIDGE_DIRECT_V1	15	-0.03810546572595998	-0.03703272131458071	-0.03703272131458071	-1	-1	-1	False	False
Astro	NO_CHANGE_DIRECT_V1	SCGEN_2_1_1_ABSOLUTE_V1	0	-0.02919451499566915	0.09089421507336723	0.09413457651826465	-1	1	1	True	False
Astro	NO_CHANGE_DIRECT_V1	SCGEN_2_1_1_ABSOLUTE_V1	1	-0.02919451499566915	0.10015017173960117	0.10524313328219531	-1	1	1	True	False
Astro	NO_CHANGE_DIRECT_V1	SCGEN_2_1_1_ABSOLUTE_V1	2	-0.02919451499566915	0.08814281543645464	0.08801923044570326	-1	1	1	True	False
Astro	NO_CHANGE_DIRECT_V1	SCGEN_2_1_1_ABSOLUTE_V1	3	-0.02919451499566915	0.09912950626720068	0.10528840606695422	-1	1	1	True	False
Astro	NO_CHANGE_DIRECT_V1	SCGEN_2_1_1_ABSOLUTE_V1	4	-0.02919451499566915	0.0961171058509214	0.09909848671265784	-1	1	1	True	False
Astro	NO_CHANGE_DIRECT_V1	SCGEN_2_1_1_ABSOLUTE_V1	5	-0.02919451499566915	0.09212430960540682	0.09457017195514014	-1	1	1	True	False
Astro	NO_CHANGE_DIRECT_V1	SCGEN_2_1_1_ABSOLUTE_V1	6	-0.02919451499566915	0.09071445479767906	0.09275855428677246	-1	1	1	True	False
Astro	NO_CHANGE_DIRECT_V1	SCGEN_2_1_1_ABSOLUTE_V1	7	-0.02919451499566915	0.0990018508639848	0.10447288229923793	-1	1	1	True	False
Astro	NO_CHANGE_DIRECT_V1	SCGEN_2_1_1_ABSOLUTE_V1	8	-0.02919451499566915	0.093214460439703	0.09769509680788457	-1	1	1	True	False
Astro	NO_CHANGE_DIRECT_V1	SCGEN_2_1_1_ABSOLUTE_V1	9	-0.02919451499566915	0.0924948409038305	0.0963165921980558	-1	1	1	True	False
Astro	NO_CHANGE_DIRECT_V1	SCGEN_2_1_1_ABSOLUTE_V1	10	-0.02919451499566915	0.0941831186198932	0.09700735994392451	-1	1	1	True	False
Astro	NO_CHANGE_DIRECT_V1	SCGEN_2_1_1_ABSOLUTE_V1	11	-0.02919451499566915	0.09449432036945804	0.09978679200091106	-1	1	1	True	False
Astro	NO_CHANGE_DIRECT_V1	SCGEN_2_1_1_ABSOLUTE_V1	12	-0.02919451499566915	0.0925192458028831	0.09649942441867873	-1	1	1	True	False
Astro	NO_CHANGE_DIRECT_V1	SCGEN_2_1_1_ABSOLUTE_V1	13	-0.02919451499566915	0.09118790289175824	0.09433530038442131	-1	1	1	True	False
Astro	NO_CHANGE_DIRECT_V1	SCGEN_2_1_1_ABSOLUTE_V1	14	-0.02919451499566915	0.08822072996914904	0.0912116332765292	-1	1	1	True	False
Astro	NO_CHANGE_DIRECT_V1	SCGEN_2_1_1_ABSOLUTE_V1	15	-0.02919451499566915	0.09861020751024813	0.10249687408656993	-1	1	1	True	False
Astro	PCA64_ADDITIVE_RIDGE_DIRECT_V1	SCGEN_2_1_1_ABSOLUTE_V1	0	0.008910950730290829	0.12849668192675	0.13173704337164743	1	1	1	False	False
Astro	PCA64_ADDITIVE_RIDGE_DIRECT_V1	SCGEN_2_1_1_ABSOLUTE_V1	1	0.008910950730290829	0.13875863633813834	0.14385159788073248	1	1	1	False	False
Astro	PCA64_ADDITIVE_RIDGE_DIRECT_V1	SCGEN_2_1_1_ABSOLUTE_V1	2	0.008910950730290829	0.12836817234587458	0.1282445873551232	1	1	1	False	False
Astro	PCA64_ADDITIVE_RIDGE_DIRECT_V1	SCGEN_2_1_1_ABSOLUTE_V1	3	0.008910950730290829	0.1351150808097008	0.14127398060945434	1	1	1	False	False
Astro	PCA64_ADDITIVE_RIDGE_DIRECT_V1	SCGEN_2_1_1_ABSOLUTE_V1	4	0.008910950730290829	0.13439557403480934	0.13737695489654578	1	1	1	False	False
Astro	PCA64_ADDITIVE_RIDGE_DIRECT_V1	SCGEN_2_1_1_ABSOLUTE_V1	5	0.008910950730290829	0.13005677287343886	0.13250263522317218	1	1	1	False	False
Astro	PCA64_ADDITIVE_RIDGE_DIRECT_V1	SCGEN_2_1_1_ABSOLUTE_V1	6	0.008910950730290829	0.1290602247100648	0.1311043241991582	1	1	1	False	False
Astro	PCA64_ADDITIVE_RIDGE_DIRECT_V1	SCGEN_2_1_1_ABSOLUTE_V1	7	0.008910950730290829	0.13686701240351903	0.14233804383877216	1	1	1	False	False
Astro	PCA64_ADDITIVE_RIDGE_DIRECT_V1	SCGEN_2_1_1_ABSOLUTE_V1	8	0.008910950730290829	0.12975806463416184	0.13423870100234342	1	1	1	False	False
Astro	PCA64_ADDITIVE_RIDGE_DIRECT_V1	SCGEN_2_1_1_ABSOLUTE_V1	9	0.008910950730290829	0.13216216816129162	0.1359839194555169	1	1	1	False	False
Astro	PCA64_ADDITIVE_RIDGE_DIRECT_V1	SCGEN_2_1_1_ABSOLUTE_V1	10	0.008910950730290829	0.1334051305334849	0.1362293718575162	1	1	1	False	False
Astro	PCA64_ADDITIVE_RIDGE_DIRECT_V1	SCGEN_2_1_1_ABSOLUTE_V1	11	0.008910950730290829	0.13148323990778632	0.13677571153923934	1	1	1	False	False
Astro	PCA64_ADDITIVE_RIDGE_DIRECT_V1	SCGEN_2_1_1_ABSOLUTE_V1	12	0.008910950730290829	0.13180955417716034	0.13578973279295597	1	1	1	False	False
Astro	PCA64_ADDITIVE_RIDGE_DIRECT_V1	SCGEN_2_1_1_ABSOLUTE_V1	13	0.008910950730290829	0.12810852596940098	0.13125592346206405	1	1	1	False	False
Astro	PCA64_ADDITIVE_RIDGE_DIRECT_V1	SCGEN_2_1_1_ABSOLUTE_V1	14	0.008910950730290829	0.1273989401064883	0.13038984341386847	1	1	1	False	False
Astro	PCA64_ADDITIVE_RIDGE_DIRECT_V1	SCGEN_2_1_1_ABSOLUTE_V1	15	0.008910950730290829	0.13564292882482884	0.13952959540115065	1	1	1	False	False
DA	NO_CHANGE_DIRECT_V1	PCA64_ADDITIVE_RIDGE_DIRECT_V1	0	-0.033137194056127764	-0.03196772094834438	-0.03196772094834438	-1	-1	-1	False	False
DA	NO_CHANGE_DIRECT_V1	PCA64_ADDITIVE_RIDGE_DIRECT_V1	1	-0.033137194056127764	-0.0343066671639112	-0.0343066671639112	-1	-1	-1	False	False
DA	NO_CHANGE_DIRECT_V1	PCA64_ADDITIVE_RIDGE_DIRECT_V1	2	-0.033137194056127764	-0.03370818779663856	-0.03370818779663856	-1	-1	-1	False	False
DA	NO_CHANGE_DIRECT_V1	PCA64_ADDITIVE_RIDGE_DIRECT_V1	3	-0.033137194056127764	-0.032566200315616994	-0.032566200315616994	-1	-1	-1	False	False
DA	NO_CHANGE_DIRECT_V1	PCA64_ADDITIVE_RIDGE_DIRECT_V1	4	-0.033137194056127764	-0.033755747386352675	-0.033755747386352675	-1	-1	-1	False	False
DA	NO_CHANGE_DIRECT_V1	PCA64_ADDITIVE_RIDGE_DIRECT_V1	5	-0.033137194056127764	-0.03251864072590291	-0.03251864072590291	-1	-1	-1	False	False
DA	NO_CHANGE_DIRECT_V1	PCA64_ADDITIVE_RIDGE_DIRECT_V1	6	-0.033137194056127764	-0.03342557821506209	-0.03342557821506209	-1	-1	-1	False	False
DA	NO_CHANGE_DIRECT_V1	PCA64_ADDITIVE_RIDGE_DIRECT_V1	7	-0.033137194056127764	-0.03284880989719352	-0.03284880989719352	-1	-1	-1	False	False
DA	NO_CHANGE_DIRECT_V1	PCA64_ADDITIVE_RIDGE_DIRECT_V1	8	-0.033137194056127764	-0.03239375217102647	-0.03239375217102647	-1	-1	-1	False	False
DA	NO_CHANGE_DIRECT_V1	PCA64_ADDITIVE_RIDGE_DIRECT_V1	9	-0.033137194056127764	-0.03388063594122909	-0.03388063594122909	-1	-1	-1	False	False
DA	NO_CHANGE_DIRECT_V1	PCA64_ADDITIVE_RIDGE_DIRECT_V1	10	-0.033137194056127764	-0.0330837021021082	-0.0330837021021082	-1	-1	-1	False	False
DA	NO_CHANGE_DIRECT_V1	PCA64_ADDITIVE_RIDGE_DIRECT_V1	11	-0.033137194056127764	-0.03319068601014741	-0.03319068601014741	-1	-1	-1	False	False
DA	NO_CHANGE_DIRECT_V1	PCA64_ADDITIVE_RIDGE_DIRECT_V1	12	-0.033137194056127764	-0.033341102147218304	-0.033341102147218304	-1	-1	-1	False	False
DA	NO_CHANGE_DIRECT_V1	PCA64_ADDITIVE_RIDGE_DIRECT_V1	13	-0.033137194056127764	-0.03293328596503728	-0.03293328596503728	-1	-1	-1	False	False
DA	NO_CHANGE_DIRECT_V1	PCA64_ADDITIVE_RIDGE_DIRECT_V1	14	-0.033137194056127764	-0.03356795771366314	-0.03356795771366314	-1	-1	-1	False	False
DA	NO_CHANGE_DIRECT_V1	PCA64_ADDITIVE_RIDGE_DIRECT_V1	15	-0.033137194056127764	-0.03270643039859239	-0.03270643039859239	-1	-1	-1	False	False
DA	NO_CHANGE_DIRECT_V1	SCGEN_2_1_1_ABSOLUTE_V1	0	-0.016965327702266636	0.10869554450159291	0.12101277363834623	-1	1	1	True	False
DA	NO_CHANGE_DIRECT_V1	SCGEN_2_1_1_ABSOLUTE_V1	1	-0.016965327702266636	0.10430295518051616	0.10014358090555178	-1	1	1	True	False
DA	NO_CHANGE_DIRECT_V1	SCGEN_2_1_1_ABSOLUTE_V1	2	-0.016965327702266636	0.11582022342661838	0.11250517531075518	-1	1	1	True	False
DA	NO_CHANGE_DIRECT_V1	SCGEN_2_1_1_ABSOLUTE_V1	3	-0.016965327702266636	0.1010482602411365	0.11563478231279772	-1	1	1	True	False
DA	NO_CHANGE_DIRECT_V1	SCGEN_2_1_1_ABSOLUTE_V1	4	-0.016965327702266636	0.1061996477272441	0.10428267902030913	-1	1	1	True	False
DA	NO_CHANGE_DIRECT_V1	SCGEN_2_1_1_ABSOLUTE_V1	5	-0.016965327702266636	0.11137993359863346	0.1231734263340502	-1	1	1	True	False
DA	NO_CHANGE_DIRECT_V1	SCGEN_2_1_1_ABSOLUTE_V1	6	-0.016965327702266636	0.10573068131351243	0.11270756365114998	-1	1	1	True	False
DA	NO_CHANGE_DIRECT_V1	SCGEN_2_1_1_ABSOLUTE_V1	7	-0.016965327702266636	0.11059842872750836	0.10907672945243319	-1	1	1	True	False
DA	NO_CHANGE_DIRECT_V1	SCGEN_2_1_1_ABSOLUTE_V1	8	-0.016965327702266636	0.09985957293567632	0.10797362686077322	-1	1	1	True	False
DA	NO_CHANGE_DIRECT_V1	SCGEN_2_1_1_ABSOLUTE_V1	9	-0.016965327702266636	0.1154263589675325	0.11812306342966461	-1	1	1	True	False
DA	NO_CHANGE_DIRECT_V1	SCGEN_2_1_1_ABSOLUTE_V1	10	-0.016965327702266636	0.10595749193838427	0.11935200891103703	-1	1	1	True	False
DA	NO_CHANGE_DIRECT_V1	SCGEN_2_1_1_ABSOLUTE_V1	11	-0.016965327702266636	0.11317278287603105	0.11259017961691714	-1	1	1	True	False
DA	NO_CHANGE_DIRECT_V1	SCGEN_2_1_1_ABSOLUTE_V1	12	-0.016965327702266636	0.11128082083147822	0.11362764625495514	-1	1	1	True	False
DA	NO_CHANGE_DIRECT_V1	SCGEN_2_1_1_ABSOLUTE_V1	13	-0.016965327702266636	0.10664986759295195	0.11314161230908479	-1	1	1	True	False
DA	NO_CHANGE_DIRECT_V1	SCGEN_2_1_1_ABSOLUTE_V1	14	-0.016965327702266636	0.10961749208203736	0.10872928412301752	-1	1	1	True	False
DA	NO_CHANGE_DIRECT_V1	SCGEN_2_1_1_ABSOLUTE_V1	15	-0.016965327702266636	0.10771457215037661	0.1180196447748752	-1	1	1	True	False
DA	PCA64_ADDITIVE_RIDGE_DIRECT_V1	SCGEN_2_1_1_ABSOLUTE_V1	0	0.016171866353861128	0.1406632654499373	0.1529804945866906	1	1	1	False	False
DA	PCA64_ADDITIVE_RIDGE_DIRECT_V1	SCGEN_2_1_1_ABSOLUTE_V1	1	0.016171866353861128	0.13860962234442736	0.13445024806946299	1	1	1	False	False
DA	PCA64_ADDITIVE_RIDGE_DIRECT_V1	SCGEN_2_1_1_ABSOLUTE_V1	2	0.016171866353861128	0.14952841122325694	0.14621336310739375	1	1	1	False	False
DA	PCA64_ADDITIVE_RIDGE_DIRECT_V1	SCGEN_2_1_1_ABSOLUTE_V1	3	0.016171866353861128	0.1336144605567535	0.14820098262841472	1	1	1	False	False
DA	PCA64_ADDITIVE_RIDGE_DIRECT_V1	SCGEN_2_1_1_ABSOLUTE_V1	4	0.016171866353861128	0.13995539511359678	0.1380384264066618	1	1	1	False	False
DA	PCA64_ADDITIVE_RIDGE_DIRECT_V1	SCGEN_2_1_1_ABSOLUTE_V1	5	0.016171866353861128	0.14389857432453637	0.15569206705995312	1	1	1	False	False
DA	PCA64_ADDITIVE_RIDGE_DIRECT_V1	SCGEN_2_1_1_ABSOLUTE_V1	6	0.016171866353861128	0.13915625952857452	0.14613314186621207	1	1	1	False	False
DA	PCA64_ADDITIVE_RIDGE_DIRECT_V1	SCGEN_2_1_1_ABSOLUTE_V1	7	0.016171866353861128	0.14344723862470188	0.1419255393496267	1	1	1	False	False
DA	PCA64_ADDITIVE_RIDGE_DIRECT_V1	SCGEN_2_1_1_ABSOLUTE_V1	8	0.016171866353861128	0.1322533251067028	0.1403673790317997	1	1	1	False	False
DA	PCA64_ADDITIVE_RIDGE_DIRECT_V1	SCGEN_2_1_1_ABSOLUTE_V1	9	0.016171866353861128	0.1493069949087616	0.1520036993708937	1	1	1	False	False
DA	PCA64_ADDITIVE_RIDGE_DIRECT_V1	SCGEN_2_1_1_ABSOLUTE_V1	10	0.016171866353861128	0.13904119404049248	0.15243571101314524	1	1	1	False	False
DA	PCA64_ADDITIVE_RIDGE_DIRECT_V1	SCGEN_2_1_1_ABSOLUTE_V1	11	0.016171866353861128	0.14636346888617846	0.14578086562706455	1	1	1	False	False
DA	PCA64_ADDITIVE_RIDGE_DIRECT_V1	SCGEN_2_1_1_ABSOLUTE_V1	12	0.016171866353861128	0.14462192297869653	0.14696874840217344	1	1	1	False	False
DA	PCA64_ADDITIVE_RIDGE_DIRECT_V1	SCGEN_2_1_1_ABSOLUTE_V1	13	0.016171866353861128	0.13958315355798923	0.14607489827412207	1	1	1	False	False
DA	PCA64_ADDITIVE_RIDGE_DIRECT_V1	SCGEN_2_1_1_ABSOLUTE_V1	14	0.016171866353861128	0.1431854497957005	0.14229724183668066	1	1	1	False	False
DA	PCA64_ADDITIVE_RIDGE_DIRECT_V1	SCGEN_2_1_1_ABSOLUTE_V1	15	0.016171866353861128	0.140421002548969	0.1507260751734676	1	1	1	False	False
Epen1	NO_CHANGE_DIRECT_V1	PCA64_ADDITIVE_RIDGE_DIRECT_V1	0	-0.03792537941447859	-0.037655172792831856	-0.037655172792831856	-1	-1	-1	False	False
Epen1	NO_CHANGE_DIRECT_V1	PCA64_ADDITIVE_RIDGE_DIRECT_V1	1	-0.03792537941447859	-0.03819558603612527	-0.03819558603612527	-1	-1	-1	False	False
Epen1	NO_CHANGE_DIRECT_V1	PCA64_ADDITIVE_RIDGE_DIRECT_V1	2	-0.03792537941447859	-0.03918777457042549	-0.03918777457042549	-1	-1	-1	False	False
Epen1	NO_CHANGE_DIRECT_V1	PCA64_ADDITIVE_RIDGE_DIRECT_V1	3	-0.03792537941447859	-0.03666298425853172	-0.03666298425853172	-1	-1	-1	False	False
Epen1	NO_CHANGE_DIRECT_V1	PCA64_ADDITIVE_RIDGE_DIRECT_V1	4	-0.03792537941447859	-0.035623598334561773	-0.035623598334561773	-1	-1	-1	False	False
Epen1	NO_CHANGE_DIRECT_V1	PCA64_ADDITIVE_RIDGE_DIRECT_V1	5	-0.03792537941447859	-0.0402271604943954	-0.0402271604943954	-1	-1	-1	False	False
Epen1	NO_CHANGE_DIRECT_V1	PCA64_ADDITIVE_RIDGE_DIRECT_V1	6	-0.03792537941447859	-0.038805599431402826	-0.038805599431402826	-1	-1	-1	False	False
Epen1	NO_CHANGE_DIRECT_V1	PCA64_ADDITIVE_RIDGE_DIRECT_V1	7	-0.03792537941447859	-0.037045159397554345	-0.037045159397554345	-1	-1	-1	False	False
Epen1	NO_CHANGE_DIRECT_V1	PCA64_ADDITIVE_RIDGE_DIRECT_V1	8	-0.03792537941447859	-0.03845145508002924	-0.03845145508002924	-1	-1	-1	False	False
Epen1	NO_CHANGE_DIRECT_V1	PCA64_ADDITIVE_RIDGE_DIRECT_V1	9	-0.03792537941447859	-0.037399303748927915	-0.037399303748927915	-1	-1	-1	False	False
Epen1	NO_CHANGE_DIRECT_V1	PCA64_ADDITIVE_RIDGE_DIRECT_V1	10	-0.03792537941447859	-0.03625040071688834	-0.03625040071688834	-1	-1	-1	False	False
Epen1	NO_CHANGE_DIRECT_V1	PCA64_ADDITIVE_RIDGE_DIRECT_V1	11	-0.03792537941447859	-0.03960035811206883	-0.03960035811206883	-1	-1	-1	False	False
Epen1	NO_CHANGE_DIRECT_V1	PCA64_ADDITIVE_RIDGE_DIRECT_V1	12	-0.03792537941447859	-0.03790063870335367	-0.03790063870335367	-1	-1	-1	False	False
Epen1	NO_CHANGE_DIRECT_V1	PCA64_ADDITIVE_RIDGE_DIRECT_V1	13	-0.03792537941447859	-0.03795012012560353	-0.03795012012560353	-1	-1	-1	False	False
Epen1	NO_CHANGE_DIRECT_V1	PCA64_ADDITIVE_RIDGE_DIRECT_V1	14	-0.03792537941447859	-0.03913429589370046	-0.03913429589370046	-1	-1	-1	False	False
Epen1	NO_CHANGE_DIRECT_V1	PCA64_ADDITIVE_RIDGE_DIRECT_V1	15	-0.03792537941447859	-0.03671646293525668	-0.03671646293525668	-1	-1	-1	False	False
Epen1	NO_CHANGE_DIRECT_V1	SCGEN_2_1_1_ABSOLUTE_V1	0	-0.02995572206597491	0.05277426135937752	0.05828574757414981	-1	1	1	True	False
Epen1	NO_CHANGE_DIRECT_V1	SCGEN_2_1_1_ABSOLUTE_V1	1	-0.02995572206597491	0.05435753325932616	0.06012863606184063	-1	1	1	True	False
Epen1	NO_CHANGE_DIRECT_V1	SCGEN_2_1_1_ABSOLUTE_V1	2	-0.02995572206597491	0.050622011535164296	0.055917992861779314	-1	1	1	True	False
Epen1	NO_CHANGE_DIRECT_V1	SCGEN_2_1_1_ABSOLUTE_V1	3	-0.02995572206597491	0.05581813949773276	0.06227055937922377	-1	1	1	True	False
Epen1	NO_CHANGE_DIRECT_V1	SCGEN_2_1_1_ABSOLUTE_V1	4	-0.02995572206597491	0.05664434810761115	0.06617728272847742	-1	1	1	True	False
Epen1	NO_CHANGE_DIRECT_V1	SCGEN_2_1_1_ABSOLUTE_V1	5	-0.02995572206597491	0.050131939985882085	0.05415179920916546	-1	1	1	True	False
Epen1	NO_CHANGE_DIRECT_V1	SCGEN_2_1_1_ABSOLUTE_V1	6	-0.02995572206597491	0.054797994982658	0.06147707244188008	-1	1	1	True	False
Epen1	NO_CHANGE_DIRECT_V1	SCGEN_2_1_1_ABSOLUTE_V1	7	-0.02995572206597491	0.05488124963606547	0.061883851914544846	-1	1	1	True	False
Epen1	NO_CHANGE_DIRECT_V1	SCGEN_2_1_1_ABSOLUTE_V1	8	-0.02995572206597491	0.05511943244444095	0.06013792318327671	-1	1	1	True	False
Epen1	NO_CHANGE_DIRECT_V1	SCGEN_2_1_1_ABSOLUTE_V1	9	-0.02995572206597491	0.05002414949902054	0.056318594026612184	-1	1	1	True	False
Epen1	NO_CHANGE_DIRECT_V1	SCGEN_2_1_1_ABSOLUTE_V1	10	-0.02995572206597491	0.0574131852836596	0.06389829515663181	-1	1	1	True	False
Epen1	NO_CHANGE_DIRECT_V1	SCGEN_2_1_1_ABSOLUTE_V1	11	-0.02995572206597491	0.0484435591158362	0.05229434910412903	-1	1	1	True	False
Epen1	NO_CHANGE_DIRECT_V1	SCGEN_2_1_1_ABSOLUTE_V1	12	-0.02995572206597491	0.052358689552280735	0.05684477559699275	-1	1	1	True	False
Epen1	NO_CHANGE_DIRECT_V1	SCGEN_2_1_1_ABSOLUTE_V1	13	-0.02995572206597491	0.05118493017648937	0.05545242979365403	-1	1	1	True	False
Epen1	NO_CHANGE_DIRECT_V1	SCGEN_2_1_1_ABSOLUTE_V1	14	-0.02995572206597491	0.048944098067471936	0.05410287010473536	-1	1	1	True	False
Epen1	NO_CHANGE_DIRECT_V1	SCGEN_2_1_1_ABSOLUTE_V1	15	-0.02995572206597491	0.05526206267608791	0.06407054175492954	-1	1	1	True	False
Epen1	PCA64_ADDITIVE_RIDGE_DIRECT_V1	SCGEN_2_1_1_ABSOLUTE_V1	0	0.007969657348503682	0.09042943415220937	0.09594092036698167	1	1	1	False	False
Epen1	PCA64_ADDITIVE_RIDGE_DIRECT_V1	SCGEN_2_1_1_ABSOLUTE_V1	1	0.007969657348503682	0.09255311929545143	0.0983242220979659	1	1	1	False	False
Epen1	PCA64_ADDITIVE_RIDGE_DIRECT_V1	SCGEN_2_1_1_ABSOLUTE_V1	2	0.007969657348503682	0.08980978610558979	0.09510576743220481	1	1	1	False	False
Epen1	PCA64_ADDITIVE_RIDGE_DIRECT_V1	SCGEN_2_1_1_ABSOLUTE_V1	3	0.007969657348503682	0.09248112375626448	0.09893354363775549	1	1	1	False	False
Epen1	PCA64_ADDITIVE_RIDGE_DIRECT_V1	SCGEN_2_1_1_ABSOLUTE_V1	4	0.007969657348503682	0.09226794644217293	0.1018008810630392	1	1	1	False	False
Epen1	PCA64_ADDITIVE_RIDGE_DIRECT_V1	SCGEN_2_1_1_ABSOLUTE_V1	5	0.007969657348503682	0.09035910048027748	0.09437895970356086	1	1	1	False	False
Epen1	PCA64_ADDITIVE_RIDGE_DIRECT_V1	SCGEN_2_1_1_ABSOLUTE_V1	6	0.007969657348503682	0.09360359441406083	0.10028267187328291	1	1	1	False	False
Epen1	PCA64_ADDITIVE_RIDGE_DIRECT_V1	SCGEN_2_1_1_ABSOLUTE_V1	7	0.007969657348503682	0.09192640903361982	0.09892901131209919	1	1	1	False	False
Epen1	PCA64_ADDITIVE_RIDGE_DIRECT_V1	SCGEN_2_1_1_ABSOLUTE_V1	8	0.007969657348503682	0.0935708875244702	0.09858937826330595	1	1	1	False	False
Epen1	PCA64_ADDITIVE_RIDGE_DIRECT_V1	SCGEN_2_1_1_ABSOLUTE_V1	9	0.007969657348503682	0.08742345324794845	0.0937178977755401	1	1	1	False	False
Epen1	PCA64_ADDITIVE_RIDGE_DIRECT_V1	SCGEN_2_1_1_ABSOLUTE_V1	10	0.007969657348503682	0.09366358600054794	0.10014869587352015	1	1	1	False	False
Epen1	PCA64_ADDITIVE_RIDGE_DIRECT_V1	SCGEN_2_1_1_ABSOLUTE_V1	11	0.007969657348503682	0.08804391722790503	0.09189470721619786	1	1	1	False	False
Epen1	PCA64_ADDITIVE_RIDGE_DIRECT_V1	SCGEN_2_1_1_ABSOLUTE_V1	12	0.007969657348503682	0.0902593282556344	0.09474541430034641	1	1	1	False	False
Epen1	PCA64_ADDITIVE_RIDGE_DIRECT_V1	SCGEN_2_1_1_ABSOLUTE_V1	13	0.007969657348503682	0.0891350503020929	0.09340254991925756	1	1	1	False	False
Epen1	PCA64_ADDITIVE_RIDGE_DIRECT_V1	SCGEN_2_1_1_ABSOLUTE_V1	14	0.007969657348503682	0.0880783939611724	0.09323716599843582	1	1	1	False	False
Epen1	PCA64_ADDITIVE_RIDGE_DIRECT_V1	SCGEN_2_1_1_ABSOLUTE_V1	15	0.007969657348503682	0.09197852561134459	0.10078700469018623	1	1	1	False	False
FPP	NO_CHANGE_DIRECT_V1	PCA64_ADDITIVE_RIDGE_DIRECT_V1	0	-0.03501885350063065	-0.03607798168499182	-0.03607798168499182	-1	-1	-1	False	False
FPP	NO_CHANGE_DIRECT_V1	PCA64_ADDITIVE_RIDGE_DIRECT_V1	1	-0.03501885350063065	-0.03395972531626951	-0.03395972531626951	-1	-1	-1	False	False
FPP	NO_CHANGE_DIRECT_V1	PCA64_ADDITIVE_RIDGE_DIRECT_V1	2	-0.03501885350063065	-0.033457843060894235	-0.033457843060894235	-1	-1	-1	False	False
FPP	NO_CHANGE_DIRECT_V1	PCA64_ADDITIVE_RIDGE_DIRECT_V1	3	-0.03501885350063065	-0.03657986394036705	-0.03657986394036705	-1	-1	-1	False	False
FPP	NO_CHANGE_DIRECT_V1	PCA64_ADDITIVE_RIDGE_DIRECT_V1	4	-0.03501885350063065	-0.03285545687615328	-0.03285545687615328	-1	-1	-1	False	False
FPP	NO_CHANGE_DIRECT_V1	PCA64_ADDITIVE_RIDGE_DIRECT_V1	5	-0.03501885350063065	-0.037182250125108146	-0.037182250125108146	-1	-1	-1	False	False
FPP	NO_CHANGE_DIRECT_V1	PCA64_ADDITIVE_RIDGE_DIRECT_V1	6	-0.03501885350063065	-0.033500989141303006	-0.033500989141303006	-1	-1	-1	False	False
FPP	NO_CHANGE_DIRECT_V1	PCA64_ADDITIVE_RIDGE_DIRECT_V1	7	-0.03501885350063065	-0.03653671785995835	-0.03653671785995835	-1	-1	-1	False	False
FPP	NO_CHANGE_DIRECT_V1	PCA64_ADDITIVE_RIDGE_DIRECT_V1	8	-0.03501885350063065	-0.03398009312891978	-0.03398009312891978	-1	-1	-1	False	False
FPP	NO_CHANGE_DIRECT_V1	PCA64_ADDITIVE_RIDGE_DIRECT_V1	9	-0.03501885350063065	-0.036057613872341576	-0.036057613872341576	-1	-1	-1	False	False
FPP	NO_CHANGE_DIRECT_V1	PCA64_ADDITIVE_RIDGE_DIRECT_V1	10	-0.03501885350063065	-0.03499748785177549	-0.03499748785177549	-1	-1	-1	False	False
FPP	NO_CHANGE_DIRECT_V1	PCA64_ADDITIVE_RIDGE_DIRECT_V1	11	-0.03501885350063065	-0.03504021914948595	-0.03504021914948595	-1	-1	-1	False	False
FPP	NO_CHANGE_DIRECT_V1	PCA64_ADDITIVE_RIDGE_DIRECT_V1	12	-0.03501885350063065	-0.03566910429601455	-0.03566910429601455	-1	-1	-1	False	False
FPP	NO_CHANGE_DIRECT_V1	PCA64_ADDITIVE_RIDGE_DIRECT_V1	13	-0.03501885350063065	-0.0343686027052469	-0.0343686027052469	-1	-1	-1	False	False
FPP	NO_CHANGE_DIRECT_V1	PCA64_ADDITIVE_RIDGE_DIRECT_V1	14	-0.03501885350063065	-0.03543886142432044	-0.03543886142432044	-1	-1	-1	False	False
FPP	NO_CHANGE_DIRECT_V1	PCA64_ADDITIVE_RIDGE_DIRECT_V1	15	-0.03501885350063065	-0.034598845576940845	-0.034598845576940845	-1	-1	-1	False	False
FPP	NO_CHANGE_DIRECT_V1	SCGEN_2_1_1_ABSOLUTE_V1	0	-0.04511712538346452	0.06909389688274534	0.07246812933194721	-1	1	1	True	False
FPP	NO_CHANGE_DIRECT_V1	SCGEN_2_1_1_ABSOLUTE_V1	1	-0.04511712538346452	0.07858769282501932	0.0805057842470498	-1	1	1	True	False
FPP	NO_CHANGE_DIRECT_V1	SCGEN_2_1_1_ABSOLUTE_V1	2	-0.04511712538346452	0.07371504418590596	0.07739429782894727	-1	1	1	True	False
FPP	NO_CHANGE_DIRECT_V1	SCGEN_2_1_1_ABSOLUTE_V1	3	-0.04511712538346452	0.07721449548735823	0.07921589000101936	-1	1	1	True	False
FPP	NO_CHANGE_DIRECT_V1	SCGEN_2_1_1_ABSOLUTE_V1	4	-0.04511712538346452	0.07781352327090577	0.08124376396090632	-1	1	1	True	False
FPP	NO_CHANGE_DIRECT_V1	SCGEN_2_1_1_ABSOLUTE_V1	5	-0.04511712538346452	0.07300903053465255	0.07541612145377291	-1	1	1	True	False
FPP	NO_CHANGE_DIRECT_V1	SCGEN_2_1_1_ABSOLUTE_V1	6	-0.04511712538346452	0.07479854263825608	0.07951441635700007	-1	1	1	True	False
FPP	NO_CHANGE_DIRECT_V1	SCGEN_2_1_1_ABSOLUTE_V1	7	-0.04511712538346452	0.07490425516331334	0.07746612075456524	-1	1	1	True	False
FPP	NO_CHANGE_DIRECT_V1	SCGEN_2_1_1_ABSOLUTE_V1	8	-0.04511712538346452	0.07411767318360185	0.07786618313010324	-1	1	1	True	False
FPP	NO_CHANGE_DIRECT_V1	SCGEN_2_1_1_ABSOLUTE_V1	9	-0.04511712538346452	0.07197013587066922	0.07469037155327962	-1	1	1	True	False
FPP	NO_CHANGE_DIRECT_V1	SCGEN_2_1_1_ABSOLUTE_V1	10	-0.04511712538346452	0.0736050646077053	0.07652636095063087	-1	1	1	True	False
FPP	NO_CHANGE_DIRECT_V1	SCGEN_2_1_1_ABSOLUTE_V1	11	-0.04511712538346452	0.07612709850709745	0.08065117362755231	-1	1	1	True	False
FPP	NO_CHANGE_DIRECT_V1	SCGEN_2_1_1_ABSOLUTE_V1	12	-0.04511712538346452	0.07339969555426754	0.07622493245622927	-1	1	1	True	False
FPP	NO_CHANGE_DIRECT_V1	SCGEN_2_1_1_ABSOLUTE_V1	13	-0.04511712538346452	0.0753047673194912	0.07779012705541499	-1	1	1	True	False
FPP	NO_CHANGE_DIRECT_V1	SCGEN_2_1_1_ABSOLUTE_V1	14	-0.04511712538346452	0.07446852540051152	0.07789242378186181	-1	1	1	True	False
FPP	NO_CHANGE_DIRECT_V1	SCGEN_2_1_1_ABSOLUTE_V1	15	-0.04511712538346452	0.07580494137100113	0.0797623440817509	-1	1	1	True	False
FPP	PCA64_ADDITIVE_RIDGE_DIRECT_V1	SCGEN_2_1_1_ABSOLUTE_V1	0	-0.010098271882833867	0.10517187856773716	0.10854611101693903	-1	1	1	True	False
FPP	PCA64_ADDITIVE_RIDGE_DIRECT_V1	SCGEN_2_1_1_ABSOLUTE_V1	1	-0.010098271882833867	0.11254741814128882	0.1144655095633193	-1	1	1	True	False
FPP	PCA64_ADDITIVE_RIDGE_DIRECT_V1	SCGEN_2_1_1_ABSOLUTE_V1	2	-0.010098271882833867	0.1071728872468002	0.11085214088984151	-1	1	1	True	False
FPP	PCA64_ADDITIVE_RIDGE_DIRECT_V1	SCGEN_2_1_1_ABSOLUTE_V1	3	-0.010098271882833867	0.11379435942772528	0.11579575394138641	-1	1	1	True	False
FPP	PCA64_ADDITIVE_RIDGE_DIRECT_V1	SCGEN_2_1_1_ABSOLUTE_V1	4	-0.010098271882833867	0.11066898014705905	0.1140992208370596	-1	1	1	True	False
FPP	PCA64_ADDITIVE_RIDGE_DIRECT_V1	SCGEN_2_1_1_ABSOLUTE_V1	5	-0.010098271882833867	0.1101912806597607	0.11259837157888106	-1	1	1	True	False
FPP	PCA64_ADDITIVE_RIDGE_DIRECT_V1	SCGEN_2_1_1_ABSOLUTE_V1	6	-0.010098271882833867	0.10829953177955909	0.11301540549830308	-1	1	1	True	False
FPP	PCA64_ADDITIVE_RIDGE_DIRECT_V1	SCGEN_2_1_1_ABSOLUTE_V1	7	-0.010098271882833867	0.11144097302327169	0.1140028386145236	-1	1	1	True	False
FPP	PCA64_ADDITIVE_RIDGE_DIRECT_V1	SCGEN_2_1_1_ABSOLUTE_V1	8	-0.010098271882833867	0.10809776631252163	0.11184627625902302	-1	1	1	True	False
FPP	PCA64_ADDITIVE_RIDGE_DIRECT_V1	SCGEN_2_1_1_ABSOLUTE_V1	9	-0.010098271882833867	0.1080277497430108	0.1107479854256212	-1	1	1	True	False
FPP	PCA64_ADDITIVE_RIDGE_DIRECT_V1	SCGEN_2_1_1_ABSOLUTE_V1	10	-0.010098271882833867	0.10860255245948079	0.11152384880240636	-1	1	1	True	False
FPP	PCA64_ADDITIVE_RIDGE_DIRECT_V1	SCGEN_2_1_1_ABSOLUTE_V1	11	-0.010098271882833867	0.1111673176565834	0.11569139277703826	-1	1	1	True	False
FPP	PCA64_ADDITIVE_RIDGE_DIRECT_V1	SCGEN_2_1_1_ABSOLUTE_V1	12	-0.010098271882833867	0.10906879985028209	0.11189403675224383	-1	1	1	True	False
FPP	PCA64_ADDITIVE_RIDGE_DIRECT_V1	SCGEN_2_1_1_ABSOLUTE_V1	13	-0.010098271882833867	0.1096733700247381	0.1121587297606619	-1	1	1	True	False
FPP	PCA64_ADDITIVE_RIDGE_DIRECT_V1	SCGEN_2_1_1_ABSOLUTE_V1	14	-0.010098271882833867	0.10990738682483196	0.11333128520618226	-1	1	1	True	False
FPP	PCA64_ADDITIVE_RIDGE_DIRECT_V1	SCGEN_2_1_1_ABSOLUTE_V1	15	-0.010098271882833867	0.11040378694794198	0.11436118965869174	-1	1	1	True	False
P_FPP	NO_CHANGE_DIRECT_V1	PCA64_ADDITIVE_RIDGE_DIRECT_V1	0	-0.03100116981874171	-0.03178609892497186	-0.03178609892497186	-1	-1	-1	False	False
P_FPP	NO_CHANGE_DIRECT_V1	PCA64_ADDITIVE_RIDGE_DIRECT_V1	1	-0.03100116981874171	-0.03021624071251161	-0.03021624071251161	-1	-1	-1	False	False
P_FPP	NO_CHANGE_DIRECT_V1	PCA64_ADDITIVE_RIDGE_DIRECT_V1	2	-0.03100116981874171	-0.03074131356588858	-0.03074131356588858	-1	-1	-1	False	False
P_FPP	NO_CHANGE_DIRECT_V1	PCA64_ADDITIVE_RIDGE_DIRECT_V1	3	-0.03100116981874171	-0.03126102607159478	-0.03126102607159478	-1	-1	-1	False	False
P_FPP	NO_CHANGE_DIRECT_V1	PCA64_ADDITIVE_RIDGE_DIRECT_V1	4	-0.03100116981874171	-0.02880101926633069	-0.02880101926633069	-1	-1	-1	False	False
P_FPP	NO_CHANGE_DIRECT_V1	PCA64_ADDITIVE_RIDGE_DIRECT_V1	5	-0.03100116981874171	-0.03320132037115264	-0.03320132037115264	-1	-1	-1	False	False
P_FPP	NO_CHANGE_DIRECT_V1	PCA64_ADDITIVE_RIDGE_DIRECT_V1	6	-0.03100116981874171	-0.03149191979250654	-0.03149191979250654	-1	-1	-1	False	False
P_FPP	NO_CHANGE_DIRECT_V1	PCA64_ADDITIVE_RIDGE_DIRECT_V1	7	-0.03100116981874171	-0.03051041984497682	-0.03051041984497682	-1	-1	-1	False	False
P_FPP	NO_CHANGE_DIRECT_V1	PCA64_ADDITIVE_RIDGE_DIRECT_V1	8	-0.03100116981874171	-0.0273775159094303	-0.0273775159094303	-1	-1	-1	False	False
P_FPP	NO_CHANGE_DIRECT_V1	PCA64_ADDITIVE_RIDGE_DIRECT_V1	9	-0.03100116981874171	-0.03462482372805306	-0.03462482372805306	-1	-1	-1	False	False
P_FPP	NO_CHANGE_DIRECT_V1	PCA64_ADDITIVE_RIDGE_DIRECT_V1	10	-0.03100116981874171	-0.03408500402250661	-0.03408500402250661	-1	-1	-1	False	False
P_FPP	NO_CHANGE_DIRECT_V1	PCA64_ADDITIVE_RIDGE_DIRECT_V1	11	-0.03100116981874171	-0.027917335614976807	-0.027917335614976807	-1	-1	-1	False	False
P_FPP	NO_CHANGE_DIRECT_V1	PCA64_ADDITIVE_RIDGE_DIRECT_V1	12	-0.03100116981874171	-0.03029137768177359	-0.03029137768177359	-1	-1	-1	False	False
P_FPP	NO_CHANGE_DIRECT_V1	PCA64_ADDITIVE_RIDGE_DIRECT_V1	13	-0.03100116981874171	-0.03171096195570988	-0.03171096195570988	-1	-1	-1	False	False
P_FPP	NO_CHANGE_DIRECT_V1	PCA64_ADDITIVE_RIDGE_DIRECT_V1	14	-0.03100116981874171	-0.02960880282610956	-0.02960880282610956	-1	-1	-1	False	False
P_FPP	NO_CHANGE_DIRECT_V1	PCA64_ADDITIVE_RIDGE_DIRECT_V1	15	-0.03100116981874171	-0.03239353681137383	-0.03239353681137383	-1	-1	-1	False	False
P_FPP	NO_CHANGE_DIRECT_V1	SCGEN_2_1_1_ABSOLUTE_V1	0	0.016672492076367257	0.11433472249773885	0.1162113779325955	1	1	1	False	False
P_FPP	NO_CHANGE_DIRECT_V1	SCGEN_2_1_1_ABSOLUTE_V1	1	0.016672492076367257	0.11901299848527741	0.12249093709207981	1	1	1	False	False
P_FPP	NO_CHANGE_DIRECT_V1	SCGEN_2_1_1_ABSOLUTE_V1	2	0.016672492076367257	0.11816504629421018	0.12177349082181047	1	1	1	False	False
P_FPP	NO_CHANGE_DIRECT_V1	SCGEN_2_1_1_ABSOLUTE_V1	3	0.016672492076367257	0.11889773499645248	0.12227541737304046	1	1	1	False	False
P_FPP	NO_CHANGE_DIRECT_V1	SCGEN_2_1_1_ABSOLUTE_V1	4	0.016672492076367257	0.1198781683381687	0.12445177151669487	1	1	1	False	False
P_FPP	NO_CHANGE_DIRECT_V1	SCGEN_2_1_1_ABSOLUTE_V1	5	0.016672492076367257	0.1100559035363296	0.11217368070135492	1	1	1	False	False
P_FPP	NO_CHANGE_DIRECT_V1	SCGEN_2_1_1_ABSOLUTE_V1	6	0.016672492076367257	0.1179404188202362	0.12093985398653628	1	1	1	False	False
P_FPP	NO_CHANGE_DIRECT_V1	SCGEN_2_1_1_ABSOLUTE_V1	7	0.016672492076367257	0.11821531652144962	0.12261593136166715	1	1	1	False	False
P_FPP	NO_CHANGE_DIRECT_V1	SCGEN_2_1_1_ABSOLUTE_V1	8	0.016672492076367257	0.12537350370627873	0.13358454728434502	1	1	1	False	False
P_FPP	NO_CHANGE_DIRECT_V1	SCGEN_2_1_1_ABSOLUTE_V1	9	0.016672492076367257	0.1119788622092629	0.11414375783939656	1	1	1	False	False
P_FPP	NO_CHANGE_DIRECT_V1	SCGEN_2_1_1_ABSOLUTE_V1	10	0.016672492076367257	0.11441461314618576	0.11536536140571316	1	1	1	False	False
P_FPP	NO_CHANGE_DIRECT_V1	SCGEN_2_1_1_ABSOLUTE_V1	11	0.016672492076367257	0.12488266899611847	0.1306239241792335	1	1	1	False	False
P_FPP	NO_CHANGE_DIRECT_V1	SCGEN_2_1_1_ABSOLUTE_V1	12	0.016672492076367257	0.1191300355816326	0.1238962034726625	1	1	1	False	False
P_FPP	NO_CHANGE_DIRECT_V1	SCGEN_2_1_1_ABSOLUTE_V1	13	0.016672492076367257	0.11100724297797665	0.11372307331933001	1	1	1	False	False
P_FPP	NO_CHANGE_DIRECT_V1	SCGEN_2_1_1_ABSOLUTE_V1	14	0.016672492076367257	0.12422986974629285	0.12784075602742623	1	1	1	False	False
P_FPP	NO_CHANGE_DIRECT_V1	SCGEN_2_1_1_ABSOLUTE_V1	15	0.016672492076367257	0.11524565183552893	0.11941085927594197	1	1	1	False	False
P_FPP	PCA64_ADDITIVE_RIDGE_DIRECT_V1	SCGEN_2_1_1_ABSOLUTE_V1	0	0.047673661895108965	0.1461208214227107	0.14799747685756737	1	1	1	False	False
P_FPP	PCA64_ADDITIVE_RIDGE_DIRECT_V1	SCGEN_2_1_1_ABSOLUTE_V1	1	0.047673661895108965	0.14922923919778902	0.15270717780459142	1	1	1	False	False
P_FPP	PCA64_ADDITIVE_RIDGE_DIRECT_V1	SCGEN_2_1_1_ABSOLUTE_V1	2	0.047673661895108965	0.14890635986009876	0.15251480438769904	1	1	1	False	False
P_FPP	PCA64_ADDITIVE_RIDGE_DIRECT_V1	SCGEN_2_1_1_ABSOLUTE_V1	3	0.047673661895108965	0.15015876106804726	0.15353644344463524	1	1	1	False	False
P_FPP	PCA64_ADDITIVE_RIDGE_DIRECT_V1	SCGEN_2_1_1_ABSOLUTE_V1	4	0.047673661895108965	0.14867918760449939	0.15325279078302556	1	1	1	False	False
P_FPP	PCA64_ADDITIVE_RIDGE_DIRECT_V1	SCGEN_2_1_1_ABSOLUTE_V1	5	0.047673661895108965	0.14325722390748225	0.14537500107250756	1	1	1	False	False
P_FPP	PCA64_ADDITIVE_RIDGE_DIRECT_V1	SCGEN_2_1_1_ABSOLUTE_V1	6	0.047673661895108965	0.14943233861274274	0.15243177377904282	1	1	1	False	False
P_FPP	PCA64_ADDITIVE_RIDGE_DIRECT_V1	SCGEN_2_1_1_ABSOLUTE_V1	7	0.047673661895108965	0.14872573636642644	0.15312635120664397	1	1	1	False	False
P_FPP	PCA64_ADDITIVE_RIDGE_DIRECT_V1	SCGEN_2_1_1_ABSOLUTE_V1	8	0.047673661895108965	0.15275101961570903	0.16096206319377532	1	1	1	False	False
P_FPP	PCA64_ADDITIVE_RIDGE_DIRECT_V1	SCGEN_2_1_1_ABSOLUTE_V1	9	0.047673661895108965	0.14660368593731596	0.14876858156744963	1	1	1	False	False
P_FPP	PCA64_ADDITIVE_RIDGE_DIRECT_V1	SCGEN_2_1_1_ABSOLUTE_V1	10	0.047673661895108965	0.14849961716869237	0.14945036542821977	1	1	1	False	False
P_FPP	PCA64_ADDITIVE_RIDGE_DIRECT_V1	SCGEN_2_1_1_ABSOLUTE_V1	11	0.047673661895108965	0.15280000461109527	0.1585412597942103	1	1	1	False	False
P_FPP	PCA64_ADDITIVE_RIDGE_DIRECT_V1	SCGEN_2_1_1_ABSOLUTE_V1	12	0.047673661895108965	0.1494214132634062	0.1541875811544361	1	1	1	False	False
P_FPP	PCA64_ADDITIVE_RIDGE_DIRECT_V1	SCGEN_2_1_1_ABSOLUTE_V1	13	0.047673661895108965	0.14271820493368653	0.1454340352750399	1	1	1	False	False
P_FPP	PCA64_ADDITIVE_RIDGE_DIRECT_V1	SCGEN_2_1_1_ABSOLUTE_V1	14	0.047673661895108965	0.1538386725724024	0.1574495588535358	1	1	1	False	False
P_FPP	PCA64_ADDITIVE_RIDGE_DIRECT_V1	SCGEN_2_1_1_ABSOLUTE_V1	15	0.047673661895108965	0.14763918864690276	0.1518043960873158	1	1	1	False	False
Sert	NO_CHANGE_DIRECT_V1	PCA64_ADDITIVE_RIDGE_DIRECT_V1	0	-0.03822489934060258	-0.03958977455812139	-0.03958977455812139	-1	-1	-1	False	False
Sert	NO_CHANGE_DIRECT_V1	PCA64_ADDITIVE_RIDGE_DIRECT_V1	1	-0.03822489934060258	-0.03686002412308373	-0.03686002412308373	-1	-1	-1	False	False
Sert	NO_CHANGE_DIRECT_V1	PCA64_ADDITIVE_RIDGE_DIRECT_V1	2	-0.03822489934060258	-0.03765003716478907	-0.03765003716478907	-1	-1	-1	False	False
Sert	NO_CHANGE_DIRECT_V1	PCA64_ADDITIVE_RIDGE_DIRECT_V1	3	-0.03822489934060258	-0.03879976151641602	-0.03879976151641602	-1	-1	-1	False	False
Sert	NO_CHANGE_DIRECT_V1	PCA64_ADDITIVE_RIDGE_DIRECT_V1	4	-0.03822489934060258	-0.039122367939851924	-0.039122367939851924	-1	-1	-1	False	False
Sert	NO_CHANGE_DIRECT_V1	PCA64_ADDITIVE_RIDGE_DIRECT_V1	5	-0.03822489934060258	-0.03732743074135321	-0.03732743074135321	-1	-1	-1	False	False
Sert	NO_CHANGE_DIRECT_V1	PCA64_ADDITIVE_RIDGE_DIRECT_V1	6	-0.03822489934060258	-0.03762711256165538	-0.03762711256165538	-1	-1	-1	False	False
Sert	NO_CHANGE_DIRECT_V1	PCA64_ADDITIVE_RIDGE_DIRECT_V1	7	-0.03822489934060258	-0.03882268611954977	-0.03882268611954977	-1	-1	-1	False	False
Sert	NO_CHANGE_DIRECT_V1	PCA64_ADDITIVE_RIDGE_DIRECT_V1	8	-0.03822489934060258	-0.03712997263629367	-0.03712997263629367	-1	-1	-1	False	False
Sert	NO_CHANGE_DIRECT_V1	PCA64_ADDITIVE_RIDGE_DIRECT_V1	9	-0.03822489934060258	-0.03931982604491138	-0.03931982604491138	-1	-1	-1	False	False
Sert	NO_CHANGE_DIRECT_V1	PCA64_ADDITIVE_RIDGE_DIRECT_V1	10	-0.03822489934060258	-0.03883330140730974	-0.03883330140730974	-1	-1	-1	False	False
Sert	NO_CHANGE_DIRECT_V1	PCA64_ADDITIVE_RIDGE_DIRECT_V1	11	-0.03822489934060258	-0.03761649727389543	-0.03761649727389543	-1	-1	-1	False	False
Sert	NO_CHANGE_DIRECT_V1	PCA64_ADDITIVE_RIDGE_DIRECT_V1	12	-0.03822489934060258	-0.038734557141014814	-0.038734557141014814	-1	-1	-1	False	False
Sert	NO_CHANGE_DIRECT_V1	PCA64_ADDITIVE_RIDGE_DIRECT_V1	13	-0.03822489934060258	-0.03771524154019028	-0.03771524154019028	-1	-1	-1	False	False
Sert	NO_CHANGE_DIRECT_V1	PCA64_ADDITIVE_RIDGE_DIRECT_V1	14	-0.03822489934060258	-0.03871333717800139	-0.03871333717800139	-1	-1	-1	False	False
Sert	NO_CHANGE_DIRECT_V1	PCA64_ADDITIVE_RIDGE_DIRECT_V1	15	-0.03822489934060258	-0.037736461503203686	-0.037736461503203686	-1	-1	-1	False	False
Sert	NO_CHANGE_DIRECT_V1	SCGEN_2_1_1_ABSOLUTE_V1	0	-0.023838984464781304	0.06044258263699495	0.06314784323953279	-1	1	1	True	False
Sert	NO_CHANGE_DIRECT_V1	SCGEN_2_1_1_ABSOLUTE_V1	1	-0.023838984464781304	0.062125766666849186	0.06640914270126477	-1	1	1	True	False
Sert	NO_CHANGE_DIRECT_V1	SCGEN_2_1_1_ABSOLUTE_V1	2	-0.023838984464781304	0.06204241300184504	0.06545150572478639	-1	1	1	True	False
Sert	NO_CHANGE_DIRECT_V1	SCGEN_2_1_1_ABSOLUTE_V1	3	-0.023838984464781304	0.06382807092315454	0.06888213046476274	-1	1	1	True	False
Sert	NO_CHANGE_DIRECT_V1	SCGEN_2_1_1_ABSOLUTE_V1	4	-0.023838984464781304	0.0644138335071012	0.06800601800867151	-1	1	1	True	False
Sert	NO_CHANGE_DIRECT_V1	SCGEN_2_1_1_ABSOLUTE_V1	5	-0.023838984464781304	0.06117611099500603	0.06374053398172219	-1	1	1	True	False
Sert	NO_CHANGE_DIRECT_V1	SCGEN_2_1_1_ABSOLUTE_V1	6	-0.023838984464781304	0.0655003964815018	0.0736375505319792	-1	1	1	True	False
Sert	NO_CHANGE_DIRECT_V1	SCGEN_2_1_1_ABSOLUTE_V1	7	-0.023838984464781304	0.06414183295371573	0.06950757996169382	-1	1	1	True	False
Sert	NO_CHANGE_DIRECT_V1	SCGEN_2_1_1_ABSOLUTE_V1	8	-0.023838984464781304	0.06495904843136913	0.06918519603757425	-1	1	1	True	False
Sert	NO_CHANGE_DIRECT_V1	SCGEN_2_1_1_ABSOLUTE_V1	9	-0.023838984464781304	0.05936858344998072	0.06270807515354282	-1	1	1	True	False
Sert	NO_CHANGE_DIRECT_V1	SCGEN_2_1_1_ABSOLUTE_V1	10	-0.023838984464781304	0.06219650730851006	0.06474338149748904	-1	1	1	True	False
Sert	NO_CHANGE_DIRECT_V1	SCGEN_2_1_1_ABSOLUTE_V1	11	-0.023838984464781304	0.05978088186970221	0.06344669206047981	-1	1	1	True	False
Sert	NO_CHANGE_DIRECT_V1	SCGEN_2_1_1_ABSOLUTE_V1	12	-0.023838984464781304	0.06023275185875532	0.0635415758456824	-1	1	1	True	False
Sert	NO_CHANGE_DIRECT_V1	SCGEN_2_1_1_ABSOLUTE_V1	13	-0.023838984464781304	0.0641374520461852	0.06869583953388234	-1	1	1	True	False
Sert	NO_CHANGE_DIRECT_V1	SCGEN_2_1_1_ABSOLUTE_V1	14	-0.023838984464781304	0.06126447386667391	0.06435229327990791	-1	1	1	True	False
Sert	NO_CHANGE_DIRECT_V1	SCGEN_2_1_1_ABSOLUTE_V1	15	-0.023838984464781304	0.05977140142023568	0.06328974845355365	-1	1	1	True	False
Sert	PCA64_ADDITIVE_RIDGE_DIRECT_V1	SCGEN_2_1_1_ABSOLUTE_V1	0	0.014385914875821276	0.10003235719511634	0.10273761779765418	1	1	1	False	False
Sert	PCA64_ADDITIVE_RIDGE_DIRECT_V1	SCGEN_2_1_1_ABSOLUTE_V1	1	0.014385914875821276	0.09898579078993291	0.1032691668243485	1	1	1	False	False
Sert	PCA64_ADDITIVE_RIDGE_DIRECT_V1	SCGEN_2_1_1_ABSOLUTE_V1	2	0.014385914875821276	0.09969245016663411	0.10310154288957546	1	1	1	False	False
Sert	PCA64_ADDITIVE_RIDGE_DIRECT_V1	SCGEN_2_1_1_ABSOLUTE_V1	3	0.014385914875821276	0.10262783243957056	0.10768189198117877	1	1	1	False	False
Sert	PCA64_ADDITIVE_RIDGE_DIRECT_V1	SCGEN_2_1_1_ABSOLUTE_V1	4	0.014385914875821276	0.10353620144695312	0.10712838594852343	1	1	1	False	False
Sert	PCA64_ADDITIVE_RIDGE_DIRECT_V1	SCGEN_2_1_1_ABSOLUTE_V1	5	0.014385914875821276	0.09850354173635924	0.1010679647230754	1	1	1	False	False
Sert	PCA64_ADDITIVE_RIDGE_DIRECT_V1	SCGEN_2_1_1_ABSOLUTE_V1	6	0.014385914875821276	0.10312750904315718	0.11126466309363459	1	1	1	False	False
Sert	PCA64_ADDITIVE_RIDGE_DIRECT_V1	SCGEN_2_1_1_ABSOLUTE_V1	7	0.014385914875821276	0.1029645190732655	0.10833026608124359	1	1	1	False	False
Sert	PCA64_ADDITIVE_RIDGE_DIRECT_V1	SCGEN_2_1_1_ABSOLUTE_V1	8	0.014385914875821276	0.1020890210676628	0.10631516867386792	1	1	1	False	False
Sert	PCA64_ADDITIVE_RIDGE_DIRECT_V1	SCGEN_2_1_1_ABSOLUTE_V1	9	0.014385914875821276	0.0986884094948921	0.1020279011984542	1	1	1	False	False
Sert	PCA64_ADDITIVE_RIDGE_DIRECT_V1	SCGEN_2_1_1_ABSOLUTE_V1	10	0.014385914875821276	0.1010298087158198	0.10357668290479878	1	1	1	False	False
Sert	PCA64_ADDITIVE_RIDGE_DIRECT_V1	SCGEN_2_1_1_ABSOLUTE_V1	11	0.014385914875821276	0.09739737914359764	0.10106318933437525	1	1	1	False	False
Sert	PCA64_ADDITIVE_RIDGE_DIRECT_V1	SCGEN_2_1_1_ABSOLUTE_V1	12	0.014385914875821276	0.09896730899977013	0.10227613298669722	1	1	1	False	False
Sert	PCA64_ADDITIVE_RIDGE_DIRECT_V1	SCGEN_2_1_1_ABSOLUTE_V1	13	0.014385914875821276	0.10185269358637548	0.10641108107407261	1	1	1	False	False
Sert	PCA64_ADDITIVE_RIDGE_DIRECT_V1	SCGEN_2_1_1_ABSOLUTE_V1	14	0.014385914875821276	0.0999778110446753	0.1030656304579093	1	1	1	False	False
Sert	PCA64_ADDITIVE_RIDGE_DIRECT_V1	SCGEN_2_1_1_ABSOLUTE_V1	15	0.014385914875821276	0.09750786292343937	0.10102620995675733	1	1	1	False	False
U_Neur1	NO_CHANGE_DIRECT_V1	PCA64_ADDITIVE_RIDGE_DIRECT_V1	0	-0.03570482390156647	-0.03646935466921891	-0.03646935466921891	-1	-1	-1	False	False
U_Neur1	NO_CHANGE_DIRECT_V1	PCA64_ADDITIVE_RIDGE_DIRECT_V1	1	-0.03570482390156647	-0.034940293133914085	-0.034940293133914085	-1	-1	-1	False	False
U_Neur1	NO_CHANGE_DIRECT_V1	PCA64_ADDITIVE_RIDGE_DIRECT_V1	2	-0.03570482390156647	-0.03742708314494342	-0.03742708314494342	-1	-1	-1	False	False
U_Neur1	NO_CHANGE_DIRECT_V1	PCA64_ADDITIVE_RIDGE_DIRECT_V1	3	-0.03570482390156647	-0.03398256465818961	-0.03398256465818961	-1	-1	-1	False	False
U_Neur1	NO_CHANGE_DIRECT_V1	PCA64_ADDITIVE_RIDGE_DIRECT_V1	4	-0.03570482390156647	-0.033848962990619846	-0.033848962990619846	-1	-1	-1	False	False
U_Neur1	NO_CHANGE_DIRECT_V1	PCA64_ADDITIVE_RIDGE_DIRECT_V1	5	-0.03570482390156647	-0.03756068481251318	-0.03756068481251318	-1	-1	-1	False	False
U_Neur1	NO_CHANGE_DIRECT_V1	PCA64_ADDITIVE_RIDGE_DIRECT_V1	6	-0.03570482390156647	-0.036306781047741626	-0.036306781047741626	-1	-1	-1	False	False
U_Neur1	NO_CHANGE_DIRECT_V1	PCA64_ADDITIVE_RIDGE_DIRECT_V1	7	-0.03570482390156647	-0.0351028667553914	-0.0351028667553914	-1	-1	-1	False	False
U_Neur1	NO_CHANGE_DIRECT_V1	PCA64_ADDITIVE_RIDGE_DIRECT_V1	8	-0.03570482390156647	-0.036383932338751784	-0.036383932338751784	-1	-1	-1	False	False
U_Neur1	NO_CHANGE_DIRECT_V1	PCA64_ADDITIVE_RIDGE_DIRECT_V1	9	-0.03570482390156647	-0.03502571546438124	-0.03502571546438124	-1	-1	-1	False	False
U_Neur1	NO_CHANGE_DIRECT_V1	PCA64_ADDITIVE_RIDGE_DIRECT_V1	10	-0.03570482390156647	-0.03494728774510095	-0.03494728774510095	-1	-1	-1	False	False
U_Neur1	NO_CHANGE_DIRECT_V1	PCA64_ADDITIVE_RIDGE_DIRECT_V1	11	-0.03570482390156647	-0.03646236005803191	-0.03646236005803191	-1	-1	-1	False	False
U_Neur1	NO_CHANGE_DIRECT_V1	PCA64_ADDITIVE_RIDGE_DIRECT_V1	12	-0.03570482390156647	-0.03370626509832064	-0.03370626509832064	-1	-1	-1	False	False
U_Neur1	NO_CHANGE_DIRECT_V1	PCA64_ADDITIVE_RIDGE_DIRECT_V1	13	-0.03570482390156647	-0.03770338270481227	-0.03770338270481227	-1	-1	-1	False	False
U_Neur1	NO_CHANGE_DIRECT_V1	PCA64_ADDITIVE_RIDGE_DIRECT_V1	14	-0.03570482390156647	-0.03614127248873711	-0.03614127248873711	-1	-1	-1	False	False
U_Neur1	NO_CHANGE_DIRECT_V1	PCA64_ADDITIVE_RIDGE_DIRECT_V1	15	-0.03570482390156647	-0.03526837531439586	-0.03526837531439586	-1	-1	-1	False	False
U_Neur1	NO_CHANGE_DIRECT_V1	SCGEN_2_1_1_ABSOLUTE_V1	0	-0.034206043523508076	0.09131699776944924	0.09835597448695299	-1	1	1	True	False
U_Neur1	NO_CHANGE_DIRECT_V1	SCGEN_2_1_1_ABSOLUTE_V1	1	-0.034206043523508076	0.09044469601267166	0.08927558683134282	-1	1	1	True	False
U_Neur1	NO_CHANGE_DIRECT_V1	SCGEN_2_1_1_ABSOLUTE_V1	2	-0.034206043523508076	0.09178530670634358	0.09182612951107147	-1	1	1	True	False
U_Neur1	NO_CHANGE_DIRECT_V1	SCGEN_2_1_1_ABSOLUTE_V1	3	-0.034206043523508076	0.09224506296831952	0.09997378812009944	-1	1	1	True	False
U_Neur1	NO_CHANGE_DIRECT_V1	SCGEN_2_1_1_ABSOLUTE_V1	4	-0.034206043523508076	0.09291947817110849	0.09610487759640154	-1	1	1	True	False
U_Neur1	NO_CHANGE_DIRECT_V1	SCGEN_2_1_1_ABSOLUTE_V1	5	-0.034206043523508076	0.08936273991918492	0.091322643009627	-1	1	1	True	False
U_Neur1	NO_CHANGE_DIRECT_V1	SCGEN_2_1_1_ABSOLUTE_V1	6	-0.034206043523508076	0.09339308345731834	0.09267367395419668	-1	1	1	True	False
U_Neur1	NO_CHANGE_DIRECT_V1	SCGEN_2_1_1_ABSOLUTE_V1	7	-0.034206043523508076	0.09174058394700371	0.09808678022757153	-1	1	1	True	False
U_Neur1	NO_CHANGE_DIRECT_V1	SCGEN_2_1_1_ABSOLUTE_V1	8	-0.034206043523508076	0.08464582944599791	0.09263247582931206	-1	1	1	True	False
U_Neur1	NO_CHANGE_DIRECT_V1	SCGEN_2_1_1_ABSOLUTE_V1	9	-0.034206043523508076	0.09740494201017627	0.09640149675989576	-1	1	1	True	False
U_Neur1	NO_CHANGE_DIRECT_V1	SCGEN_2_1_1_ABSOLUTE_V1	10	-0.034206043523508076	0.09692004945538435	0.09709641956822995	-1	1	1	True	False
U_Neur1	NO_CHANGE_DIRECT_V1	SCGEN_2_1_1_ABSOLUTE_V1	11	-0.034206043523508076	0.08583460557583786	0.08998039661299359	-1	1	1	True	False
U_Neur1	NO_CHANGE_DIRECT_V1	SCGEN_2_1_1_ABSOLUTE_V1	12	-0.034206043523508076	0.08723909619728112	0.09017585606010828	-1	1	1	True	False
U_Neur1	NO_CHANGE_DIRECT_V1	SCGEN_2_1_1_ABSOLUTE_V1	13	-0.034206043523508076	0.09010275497352602	0.09330422771866556	-1	1	1	True	False
U_Neur1	NO_CHANGE_DIRECT_V1	SCGEN_2_1_1_ABSOLUTE_V1	14	-0.034206043523508076	0.09428180261268715	0.09436228645717287	-1	1	1	True	False
U_Neur1	NO_CHANGE_DIRECT_V1	SCGEN_2_1_1_ABSOLUTE_V1	15	-0.034206043523508076	0.08496232752389926	0.09059150857486536	-1	1	1	True	False
U_Neur1	PCA64_ADDITIVE_RIDGE_DIRECT_V1	SCGEN_2_1_1_ABSOLUTE_V1	0	0.0014987803780583953	0.12778635243866815	0.1348253291561719	1	1	1	False	False
U_Neur1	PCA64_ADDITIVE_RIDGE_DIRECT_V1	SCGEN_2_1_1_ABSOLUTE_V1	1	0.0014987803780583953	0.12538498914658575	0.1242158799652569	1	1	1	False	False
U_Neur1	PCA64_ADDITIVE_RIDGE_DIRECT_V1	SCGEN_2_1_1_ABSOLUTE_V1	2	0.0014987803780583953	0.129212389851287	0.1292532126560149	1	1	1	False	False
U_Neur1	PCA64_ADDITIVE_RIDGE_DIRECT_V1	SCGEN_2_1_1_ABSOLUTE_V1	3	0.0014987803780583953	0.12622762762650913	0.13395635277828905	1	1	1	False	False
U_Neur1	PCA64_ADDITIVE_RIDGE_DIRECT_V1	SCGEN_2_1_1_ABSOLUTE_V1	4	0.0014987803780583953	0.12676844116172833	0.1299538405870214	1	1	1	False	False
U_Neur1	PCA64_ADDITIVE_RIDGE_DIRECT_V1	SCGEN_2_1_1_ABSOLUTE_V1	5	0.0014987803780583953	0.1269234247316981	0.12888332782214018	1	1	1	False	False
U_Neur1	PCA64_ADDITIVE_RIDGE_DIRECT_V1	SCGEN_2_1_1_ABSOLUTE_V1	6	0.0014987803780583953	0.12969986450505996	0.1289804550019383	1	1	1	False	False
U_Neur1	PCA64_ADDITIVE_RIDGE_DIRECT_V1	SCGEN_2_1_1_ABSOLUTE_V1	7	0.0014987803780583953	0.1268434507023951	0.13318964698296293	1	1	1	False	False
U_Neur1	PCA64_ADDITIVE_RIDGE_DIRECT_V1	SCGEN_2_1_1_ABSOLUTE_V1	8	0.0014987803780583953	0.1210297617847497	0.12901640816806384	1	1	1	False	False
U_Neur1	PCA64_ADDITIVE_RIDGE_DIRECT_V1	SCGEN_2_1_1_ABSOLUTE_V1	9	0.0014987803780583953	0.1324306574745575	0.131427212224277	1	1	1	False	False
U_Neur1	PCA64_ADDITIVE_RIDGE_DIRECT_V1	SCGEN_2_1_1_ABSOLUTE_V1	10	0.0014987803780583953	0.1318673372004853	0.1320437073133309	1	1	1	False	False
U_Neur1	PCA64_ADDITIVE_RIDGE_DIRECT_V1	SCGEN_2_1_1_ABSOLUTE_V1	11	0.0014987803780583953	0.12229696563386977	0.1264427566710255	1	1	1	False	False
U_Neur1	PCA64_ADDITIVE_RIDGE_DIRECT_V1	SCGEN_2_1_1_ABSOLUTE_V1	12	0.0014987803780583953	0.12094536129560177	0.12388212115842892	1	1	1	False	False
U_Neur1	PCA64_ADDITIVE_RIDGE_DIRECT_V1	SCGEN_2_1_1_ABSOLUTE_V1	13	0.0014987803780583953	0.1278061376783383	0.13100761042347783	1	1	1	False	False
U_Neur1	PCA64_ADDITIVE_RIDGE_DIRECT_V1	SCGEN_2_1_1_ABSOLUTE_V1	14	0.0014987803780583953	0.13042307510142426	0.13050355894590998	1	1	1	False	False
U_Neur1	PCA64_ADDITIVE_RIDGE_DIRECT_V1	SCGEN_2_1_1_ABSOLUTE_V1	15	0.0014987803780583953	0.12023070283829512	0.12585988388926123	1	1	1	False	False
U_Neur3	NO_CHANGE_DIRECT_V1	PCA64_ADDITIVE_RIDGE_DIRECT_V1	0	-0.03691347848512856	-0.03394851781423586	-0.03394851781423586	-1	-1	-1	False	False
U_Neur3	NO_CHANGE_DIRECT_V1	PCA64_ADDITIVE_RIDGE_DIRECT_V1	1	-0.03691347848512856	-0.03987843915602113	-0.03987843915602113	-1	-1	-1	False	False
U_Neur3	NO_CHANGE_DIRECT_V1	PCA64_ADDITIVE_RIDGE_DIRECT_V1	2	-0.03691347848512856	-0.036381295926294466	-0.036381295926294466	-1	-1	-1	False	False
U_Neur3	NO_CHANGE_DIRECT_V1	PCA64_ADDITIVE_RIDGE_DIRECT_V1	3	-0.03691347848512856	-0.037445661043962436	-0.037445661043962436	-1	-1	-1	False	False
U_Neur3	NO_CHANGE_DIRECT_V1	PCA64_ADDITIVE_RIDGE_DIRECT_V1	4	-0.03691347848512856	-0.03450781489101018	-0.03450781489101018	-1	-1	-1	False	False
U_Neur3	NO_CHANGE_DIRECT_V1	PCA64_ADDITIVE_RIDGE_DIRECT_V1	5	-0.03691347848512856	-0.03931914207924678	-0.03931914207924678	-1	-1	-1	False	False
U_Neur3	NO_CHANGE_DIRECT_V1	PCA64_ADDITIVE_RIDGE_DIRECT_V1	6	-0.03691347848512856	-0.03587844974872886	-0.03587844974872886	-1	-1	-1	False	False
U_Neur3	NO_CHANGE_DIRECT_V1	PCA64_ADDITIVE_RIDGE_DIRECT_V1	7	-0.03691347848512856	-0.037948507221528066	-0.037948507221528066	-1	-1	-1	False	False
U_Neur3	NO_CHANGE_DIRECT_V1	PCA64_ADDITIVE_RIDGE_DIRECT_V1	8	-0.03691347848512856	-0.038299590872554024	-0.038299590872554024	-1	-1	-1	False	False
U_Neur3	NO_CHANGE_DIRECT_V1	PCA64_ADDITIVE_RIDGE_DIRECT_V1	9	-0.03691347848512856	-0.03552736609770296	-0.03552736609770296	-1	-1	-1	False	False
U_Neur3	NO_CHANGE_DIRECT_V1	PCA64_ADDITIVE_RIDGE_DIRECT_V1	10	-0.03691347848512856	-0.03643992713636085	-0.03643992713636085	-1	-1	-1	False	False
U_Neur3	NO_CHANGE_DIRECT_V1	PCA64_ADDITIVE_RIDGE_DIRECT_V1	11	-0.03691347848512856	-0.037387029833896135	-0.037387029833896135	-1	-1	-1	False	False
U_Neur3	NO_CHANGE_DIRECT_V1	PCA64_ADDITIVE_RIDGE_DIRECT_V1	12	-0.03691347848512856	-0.03581357182728345	-0.03581357182728345	-1	-1	-1	False	False
U_Neur3	NO_CHANGE_DIRECT_V1	PCA64_ADDITIVE_RIDGE_DIRECT_V1	13	-0.03691347848512856	-0.038013385142973505	-0.038013385142973505	-1	-1	-1	False	False
U_Neur3	NO_CHANGE_DIRECT_V1	PCA64_ADDITIVE_RIDGE_DIRECT_V1	14	-0.03691347848512856	-0.036208616877219574	-0.036208616877219574	-1	-1	-1	False	False
U_Neur3	NO_CHANGE_DIRECT_V1	PCA64_ADDITIVE_RIDGE_DIRECT_V1	15	-0.03691347848512856	-0.037618340093037356	-0.037618340093037356	-1	-1	-1	False	False
U_Neur3	NO_CHANGE_DIRECT_V1	SCGEN_2_1_1_ABSOLUTE_V1	0	-0.04834509344356097	0.06939702609044446	0.07932246741062576	-1	1	1	True	False
U_Neur3	NO_CHANGE_DIRECT_V1	SCGEN_2_1_1_ABSOLUTE_V1	1	-0.04834509344356097	0.0665589644849138	0.0746850322694464	-1	1	1	True	False
U_Neur3	NO_CHANGE_DIRECT_V1	SCGEN_2_1_1_ABSOLUTE_V1	2	-0.04834509344356097	0.06637403050981558	0.06983391053434285	-1	1	1	True	False
U_Neur3	NO_CHANGE_DIRECT_V1	SCGEN_2_1_1_ABSOLUTE_V1	3	-0.04834509344356097	0.06621100259643128	0.07313411713605691	-1	1	1	True	False
U_Neur3	NO_CHANGE_DIRECT_V1	SCGEN_2_1_1_ABSOLUTE_V1	4	-0.04834509344356097	0.07309964235045752	0.07889843011468706	-1	1	1	True	False
U_Neur3	NO_CHANGE_DIRECT_V1	SCGEN_2_1_1_ABSOLUTE_V1	5	-0.04834509344356097	0.05886085202885888	0.06328599979616037	-1	1	1	True	False
U_Neur3	NO_CHANGE_DIRECT_V1	SCGEN_2_1_1_ABSOLUTE_V1	6	-0.04834509344356097	0.07055538253943025	0.07750549822551783	-1	1	1	True	False
U_Neur3	NO_CHANGE_DIRECT_V1	SCGEN_2_1_1_ABSOLUTE_V1	7	-0.04834509344356097	0.06805702996005467	0.07623907749675232	-1	1	1	True	False
U_Neur3	NO_CHANGE_DIRECT_V1	SCGEN_2_1_1_ABSOLUTE_V1	8	-0.04834509344356097	0.07104862599063178	0.07849249065951777	-1	1	1	True	False
U_Neur3	NO_CHANGE_DIRECT_V1	SCGEN_2_1_1_ABSOLUTE_V1	9	-0.04834509344356097	0.06435809726799208	0.07131152839815219	-1	1	1	True	False
U_Neur3	NO_CHANGE_DIRECT_V1	SCGEN_2_1_1_ABSOLUTE_V1	10	-0.04834509344356097	0.07385356501228774	0.08360300064236792	-1	1	1	True	False
U_Neur3	NO_CHANGE_DIRECT_V1	SCGEN_2_1_1_ABSOLUTE_V1	11	-0.04834509344356097	0.0646605774603056	0.0736450110374976	-1	1	1	True	False
U_Neur3	NO_CHANGE_DIRECT_V1	SCGEN_2_1_1_ABSOLUTE_V1	12	-0.04834509344356097	0.0662839147038897	0.07292392575106535	-1	1	1	True	False
U_Neur3	NO_CHANGE_DIRECT_V1	SCGEN_2_1_1_ABSOLUTE_V1	13	-0.04834509344356097	0.06455162930227087	0.06916890271848544	-1	1	1	True	False
U_Neur3	NO_CHANGE_DIRECT_V1	SCGEN_2_1_1_ABSOLUTE_V1	14	-0.04834509344356097	0.07477140863580323	0.08210520158647713	-1	1	1	True	False
U_Neur3	NO_CHANGE_DIRECT_V1	SCGEN_2_1_1_ABSOLUTE_V1	15	-0.04834509344356097	0.060174226456080504	0.06849748672360012	-1	1	1	True	False
U_Neur3	PCA64_ADDITIVE_RIDGE_DIRECT_V1	SCGEN_2_1_1_ABSOLUTE_V1	0	-0.01143161495843241	0.10334554390468031	0.11327098522486162	-1	1	1	True	False
U_Neur3	PCA64_ADDITIVE_RIDGE_DIRECT_V1	SCGEN_2_1_1_ABSOLUTE_V1	1	-0.01143161495843241	0.10643740364093493	0.11456347142546752	-1	1	1	True	False
U_Neur3	PCA64_ADDITIVE_RIDGE_DIRECT_V1	SCGEN_2_1_1_ABSOLUTE_V1	2	-0.01143161495843241	0.10275532643611004	0.10621520646063731	-1	1	1	True	False
U_Neur3	PCA64_ADDITIVE_RIDGE_DIRECT_V1	SCGEN_2_1_1_ABSOLUTE_V1	3	-0.01143161495843241	0.10365666364039372	0.11057977818001935	-1	1	1	True	False
U_Neur3	PCA64_ADDITIVE_RIDGE_DIRECT_V1	SCGEN_2_1_1_ABSOLUTE_V1	4	-0.01143161495843241	0.1076074572414677	0.11340624500569724	-1	1	1	True	False
U_Neur3	PCA64_ADDITIVE_RIDGE_DIRECT_V1	SCGEN_2_1_1_ABSOLUTE_V1	5	-0.01143161495843241	0.09817999410810566	0.10260514187540715	-1	1	1	True	False
U_Neur3	PCA64_ADDITIVE_RIDGE_DIRECT_V1	SCGEN_2_1_1_ABSOLUTE_V1	6	-0.01143161495843241	0.10643383228815911	0.1133839479742467	-1	1	1	True	False
U_Neur3	PCA64_ADDITIVE_RIDGE_DIRECT_V1	SCGEN_2_1_1_ABSOLUTE_V1	7	-0.01143161495843241	0.10600553718158273	0.11418758471828039	-1	1	1	True	False
U_Neur3	PCA64_ADDITIVE_RIDGE_DIRECT_V1	SCGEN_2_1_1_ABSOLUTE_V1	8	-0.01143161495843241	0.1093482168631858	0.1167920815320718	-1	1	1	True	False
U_Neur3	PCA64_ADDITIVE_RIDGE_DIRECT_V1	SCGEN_2_1_1_ABSOLUTE_V1	9	-0.01143161495843241	0.09988546336569504	0.10683889449585515	-1	1	1	True	False
U_Neur3	PCA64_ADDITIVE_RIDGE_DIRECT_V1	SCGEN_2_1_1_ABSOLUTE_V1	10	-0.01143161495843241	0.11029349214864859	0.12004292777872877	-1	1	1	True	False
U_Neur3	PCA64_ADDITIVE_RIDGE_DIRECT_V1	SCGEN_2_1_1_ABSOLUTE_V1	11	-0.01143161495843241	0.10204760729420173	0.11103204087139373	-1	1	1	True	False
U_Neur3	PCA64_ADDITIVE_RIDGE_DIRECT_V1	SCGEN_2_1_1_ABSOLUTE_V1	12	-0.01143161495843241	0.10209748653117315	0.1087374975783488	-1	1	1	True	False
U_Neur3	PCA64_ADDITIVE_RIDGE_DIRECT_V1	SCGEN_2_1_1_ABSOLUTE_V1	13	-0.01143161495843241	0.10256501444524438	0.10718228786145895	-1	1	1	True	False
U_Neur3	PCA64_ADDITIVE_RIDGE_DIRECT_V1	SCGEN_2_1_1_ABSOLUTE_V1	14	-0.01143161495843241	0.1109800255130228	0.11831381846369671	-1	1	1	True	False
U_Neur3	PCA64_ADDITIVE_RIDGE_DIRECT_V1	SCGEN_2_1_1_ABSOLUTE_V1	15	-0.01143161495843241	0.09779256654911786	0.10611582681663748	-1	1	1	True	False
