dataset	regime	reference_depth	family	readout	root_index	value
gse162632	original8	8	scGen	raw_state	0	0.08805480339153374
gse162632	original8	8	scGen	raw_state	1	0.08509445029815224
gse162632	original8	8	scGen	raw_state	2	0.0900619222271083
gse162632	original8	8	scGen	raw_state	3	0.08984368886556508
gse162632	original8	8	scGen	raw_state	4	0.07810086522509482
gse162632	original8	8	scGen	raw_state	5	0.0732573188140091
gse162632	original8	8	scGen	raw_state	6	0.0813051977881228
gse162632	original8	8	scGen	raw_state	7	0.08525027754317581
gse162632	original8	8	scGen	input_centered_effect	0	0.48930856976848286
gse162632	original8	8	scGen	input_centered_effect	1	0.4726104633124005
gse162632	original8	8	scGen	input_centered_effect	2	0.46284172608556384
gse162632	original8	8	scGen	input_centered_effect	3	0.462714093670369
gse162632	original8	8	scGen	input_centered_effect	4	0.4690660032966451
gse162632	original8	8	scGen	input_centered_effect	5	0.4841030251118207
gse162632	original8	8	scGen	input_centered_effect	6	0.5047874609232071
gse162632	original8	8	scGen	input_centered_effect	7	0.48377082313110464
gse162632	original8	8	scGen	reference	0	0.4945971765783124
gse162632	original8	8	scGen	reference	1	0.4772762745684007
gse162632	original8	8	scGen	reference	2	0.4681235466829002
gse162632	original8	8	scGen	reference	3	0.4676773835581799
gse162632	original8	8	scGen	reference	4	0.4737203334423644
gse162632	original8	8	scGen	reference	5	0.4890371039141158
gse162632	original8	8	scGen	reference	6	0.5086716093608081
gse162632	original8	8	scGen	reference	7	0.4879458449993468
gse162632	original8	8	scGen	D_to_O	0	0.006478569508389057
gse162632	original8	8	scGen	D_to_O	1	0.005836528852282863
gse162632	original8	8	scGen	D_to_O	2	0.0065141706906275305
gse162632	original8	8	scGen	D_to_O	3	0.006344845523429021
gse162632	original8	8	scGen	D_to_O	4	0.005243892016330551
gse162632	original8	8	scGen	D_to_O	5	0.005084092419087577
gse162632	original8	8	scGen	D_to_O	6	0.005273480326850717
gse162632	original8	8	scGen	D_to_O	7	0.005662274089030517
gse162632	original8	8	scGen	D_to_P	0	-0.006478569515071075
gse162632	original8	8	scGen	D_to_P	1	-0.005836528854101544
gse162632	original8	8	scGen	D_to_P	2	-0.006514170684272162
gse162632	original8	8	scGen	D_to_P	3	-0.006344845518240281
gse162632	original8	8	scGen	D_to_P	4	-0.005243892011889827
gse162632	original8	8	scGen	D_to_P	5	-0.005084092419909865
gse162632	original8	8	scGen	D_to_P	6	-0.005273480327003397
gse162632	original8	8	scGen	D_to_P	7	-0.00566227408938709
gse162632	original8	8	scGen	S_to_M	0	2.1500034067904277e-12
gse162632	original8	8	scGen	S_to_M	1	1.995823122509973e-12
gse162632	original8	8	scGen	S_to_M	2	-2.954087053678537e-12
gse162632	original8	8	scGen	S_to_M	3	-2.282270317177648e-12
gse162632	original8	8	scGen	S_to_M	4	-1.5259849772686355e-12
gse162632	original8	8	scGen	S_to_M	5	6.299322915144975e-13
gse162632	original8	8	scGen	S_to_M	6	-2.423975187237916e-13
gse162632	original8	8	scGen	S_to_M	7	2.1096907369215028e-12
gse162632	original8	8	CPA	raw_state	0	0.09789449934355207
gse162632	original8	8	CPA	raw_state	1	0.09810372976288485
gse162632	original8	8	CPA	raw_state	2	0.0942924652673109
gse162632	original8	8	CPA	raw_state	3	0.09712494173877895
gse162632	original8	8	CPA	raw_state	4	0.09500464910738989
gse162632	original8	8	CPA	raw_state	5	0.09479432982767988
gse162632	original8	8	CPA	raw_state	6	0.09189267812325931
gse162632	original8	8	CPA	raw_state	7	0.09372981851164704
gse162632	original8	8	CPA	input_centered_effect	0	0.49531904344522903
gse162632	original8	8	CPA	input_centered_effect	1	0.4785544917555346
gse162632	original8	8	CPA	input_centered_effect	2	0.46925965276190096
gse162632	original8	8	CPA	input_centered_effect	3	0.4689318579544633
gse162632	original8	8	CPA	input_centered_effect	4	0.47547196144135745
gse162632	original8	8	CPA	input_centered_effect	5	0.49077655208074394
gse162632	original8	8	CPA	input_centered_effect	6	0.5108186859549806
gse162632	original8	8	CPA	input_centered_effect	7	0.48951140002676913
gse162632	original8	8	CPA	reference	0	0.4945971765783124
gse162632	original8	8	CPA	reference	1	0.4772762745684007
gse162632	original8	8	CPA	reference	2	0.4681235466829002
gse162632	original8	8	CPA	reference	3	0.4676773835581799
gse162632	original8	8	CPA	reference	4	0.4737203334423644
gse162632	original8	8	CPA	reference	5	0.4890371039141158
gse162632	original8	8	CPA	reference	6	0.5086716093608081
gse162632	original8	8	CPA	reference	7	0.4879458449993468
gse162632	original8	8	CPA	D_to_O	0	0.00443437263150373
gse162632	original8	8	CPA	D_to_O	1	0.004201291237365459
gse162632	original8	8	CPA	D_to_O	2	0.0039130511255172935
gse162632	original8	8	CPA	D_to_O	3	0.004129150986261147
gse162632	original8	8	CPA	D_to_O	4	0.0036816257853075855
gse162632	original8	8	CPA	D_to_O	5	0.003640814954459429
gse162632	original8	8	CPA	D_to_O	6	0.0031276702781186327
gse162632	original8	8	CPA	D_to_O	7	0.0036275078920955574
gse162632	original8	8	CPA	D_to_P	0	-0.004434372638619576
gse162632	original8	8	CPA	D_to_P	1	-0.004201291236688626
gse162632	original8	8	CPA	D_to_P	2	-0.003913051127723223
gse162632	original8	8	CPA	D_to_P	3	-0.004129150994470122
gse162632	original8	8	CPA	D_to_P	4	-0.003681625780451884
gse162632	original8	8	CPA	D_to_P	5	-0.0036408149456148057
gse162632	original8	8	CPA	D_to_P	6	-0.003127670271643111
gse162632	original8	8	CPA	D_to_P	7	-0.0036275078875629505
gse162632	original8	8	CPA	S_to_M	0	2.9675597719898883e-12
gse162632	original8	8	CPA	S_to_M	1	-5.990899628235032e-13
gse162632	original8	8	CPA	S_to_M	2	1.434816006747515e-12
gse162632	original8	8	CPA	S_to_M	3	5.980717143749814e-12
gse162632	original8	8	CPA	S_to_M	4	-5.846691612336011e-12
gse162632	original8	8	CPA	S_to_M	5	-1.2294297487465874e-11
gse162632	original8	8	CPA	S_to_M	6	-9.197446323068922e-12
gse162632	original8	8	CPA	S_to_M	7	-6.037629396438148e-12
gse162632	original8	8	CellOT	raw_state	0	0.10626290992373894
gse162632	original8	8	CellOT	raw_state	1	0.10573567231071898
gse162632	original8	8	CellOT	raw_state	2	0.10170727602011329
gse162632	original8	8	CellOT	raw_state	3	0.10593963899430271
gse162632	original8	8	CellOT	raw_state	4	0.09823446060615044
gse162632	original8	8	CellOT	raw_state	5	0.09512971627807354
gse162632	original8	8	CellOT	raw_state	6	0.09686601497225372
gse162632	original8	8	CellOT	raw_state	7	0.10529528561330419
gse162632	original8	8	CellOT	input_centered_effect	0	0.48871496535241327
gse162632	original8	8	CellOT	input_centered_effect	1	0.47165104421564363
gse162632	original8	8	CellOT	input_centered_effect	2	0.4617605137791129
gse162632	original8	8	CellOT	input_centered_effect	3	0.4615980204627218
gse162632	original8	8	CellOT	input_centered_effect	4	0.4687294210687467
gse162632	original8	8	CellOT	input_centered_effect	5	0.48388902583148974
gse162632	original8	8	CellOT	input_centered_effect	6	0.5038851223646003
gse162632	original8	8	CellOT	input_centered_effect	7	0.48323775631766097
gse162632	original8	8	CellOT	reference	0	0.4945971765783124
gse162632	original8	8	CellOT	reference	1	0.4772762745684007
gse162632	original8	8	CellOT	reference	2	0.4681235466829002
gse162632	original8	8	CellOT	reference	3	0.4676773835581799
gse162632	original8	8	CellOT	reference	4	0.4737203334423644
gse162632	original8	8	CellOT	reference	5	0.4890371039141158
gse162632	original8	8	CellOT	reference	6	0.5086716093608081
gse162632	original8	8	CellOT	reference	7	0.4879458449993468
gse162632	original8	8	CellOT	D_to_O	0	0.008537927878754825
gse162632	original8	8	CellOT	D_to_O	1	0.00825898357464683
gse162632	original8	8	CellOT	D_to_O	2	0.008130626433547719
gse162632	original8	8	CellOT	D_to_O	3	0.008436304849103371
gse162632	original8	8	CellOT	D_to_O	4	0.007176846705978671
gse162632	original8	8	CellOT	D_to_O	5	0.007029181311018318
gse162632	original8	8	CellOT	D_to_O	6	0.007114807229681218
gse162632	original8	8	CellOT	D_to_O	7	0.00782975785524928
gse162632	original8	8	CellOT	D_to_P	0	-0.008537927877145895
gse162632	original8	8	CellOT	D_to_P	1	-0.008258983576758904
gse162632	original8	8	CellOT	D_to_P	2	-0.00813062643213751
gse162632	original8	8	CellOT	D_to_P	3	-0.008436304847970276
gse162632	original8	8	CellOT	D_to_P	4	-0.007176846697711357
gse162632	original8	8	CellOT	D_to_P	5	-0.007029181303881496
gse162632	original8	8	CellOT	D_to_P	6	-0.007114807239096445
gse162632	original8	8	CellOT	D_to_P	7	-0.007829757850013963
gse162632	original8	8	CellOT	S_to_M	0	-2.071826913733569e-12
gse162632	original8	8	CellOT	S_to_M	1	3.4372788041784715e-12
gse162632	original8	8	CellOT	S_to_M	2	-1.3447323624996935e-12
gse162632	original8	8	CellOT	S_to_M	3	3.844216426666473e-13
gse162632	original8	8	CellOT	S_to_M	4	-6.3540218642188505e-12
gse162632	original8	8	CellOT	S_to_M	5	-7.354472993566694e-12
gse162632	original8	8	CellOT	S_to_M	6	1.059196859850194e-11
gse162632	original8	8	CellOT	S_to_M	7	-5.9767582549774546e-12
gse162632	cap48	8	scGen	raw_state	0	0.11091119558730397
gse162632	cap48	8	scGen	raw_state	1	0.10849547003596331
gse162632	cap48	8	scGen	raw_state	2	0.10829471632978313
gse162632	cap48	8	scGen	raw_state	3	0.10856709573555365
gse162632	cap48	8	scGen	raw_state	4	0.10204783071881443
gse162632	cap48	8	scGen	raw_state	5	0.10473030513530851
gse162632	cap48	8	scGen	raw_state	6	0.10912115626300191
gse162632	cap48	8	scGen	raw_state	7	0.10620524285707468
gse162632	cap48	8	scGen	input_centered_effect	0	0.48384331843751455
gse162632	cap48	8	scGen	input_centered_effect	1	0.4662640056318013
gse162632	cap48	8	scGen	input_centered_effect	2	0.456795739011762
gse162632	cap48	8	scGen	input_centered_effect	3	0.45705223731045935
gse162632	cap48	8	scGen	input_centered_effect	4	0.4640277731462679
gse162632	cap48	8	scGen	input_centered_effect	5	0.47914817972373774
gse162632	cap48	8	scGen	input_centered_effect	6	0.4992316114847781
gse162632	cap48	8	scGen	input_centered_effect	7	0.4785377454816271
gse162632	cap48	8	scGen	reference	0	0.4945971765783124
gse162632	cap48	8	scGen	reference	1	0.4772762745684007
gse162632	cap48	8	scGen	reference	2	0.4681235466829002
gse162632	cap48	8	scGen	reference	3	0.4676773835581799
gse162632	cap48	8	scGen	reference	4	0.4737203334423644
gse162632	cap48	8	scGen	reference	5	0.4890371039141158
gse162632	cap48	8	scGen	reference	6	0.5086716093608081
gse162632	cap48	8	scGen	reference	7	0.4879458449993468
gse162632	cap48	8	scGen	D_to_O	0	0.011411651798555056
gse162632	cap48	8	scGen	D_to_O	1	0.011080893164572331
gse162632	cap48	8	scGen	D_to_O	2	0.011102526671162733
gse162632	cap48	8	scGen	D_to_O	3	0.010806100866697919
gse162632	cap48	8	scGen	D_to_O	4	0.009751469920461173
gse162632	cap48	8	scGen	D_to_O	5	0.010271373836675859
gse162632	cap48	8	scGen	D_to_O	6	0.01071101550405053
gse162632	cap48	8	scGen	D_to_O	7	0.010186163718398084
gse162632	cap48	8	scGen	D_to_P	0	-0.011411651800734793
gse162632	cap48	8	scGen	D_to_P	1	-0.011080893168894173
gse162632	cap48	8	scGen	D_to_P	2	-0.011102526675181646
gse162632	cap48	8	scGen	D_to_P	3	-0.010806100865083235
gse162632	cap48	8	scGen	D_to_P	4	-0.009751469909961426
gse162632	cap48	8	scGen	D_to_P	5	-0.010271373835561077
gse162632	cap48	8	scGen	D_to_P	6	-0.010711015503771482
gse162632	cap48	8	scGen	D_to_P	7	-0.010186163716571306
gse162632	cap48	8	scGen	S_to_M	0	-4.524351430538568e-12
gse162632	cap48	8	scGen	S_to_M	1	5.564234485203971e-12
gse162632	cap48	8	scGen	S_to_M	2	1.936353410947334e-12
gse162632	cap48	8	scGen	S_to_M	3	1.8899075221456842e-12
gse162632	cap48	8	scGen	S_to_M	4	-5.418853578816515e-12
gse162632	cap48	8	scGen	S_to_M	5	-3.3315628820510907e-12
gse162632	cap48	8	scGen	S_to_M	6	-3.902910004442243e-12
gse162632	cap48	8	scGen	S_to_M	7	-3.494665667957973e-14
gse162632	cap48	8	CPA	raw_state	0	0.11391279496703484
gse162632	cap48	8	CPA	raw_state	1	0.11629962120217938
gse162632	cap48	8	CPA	raw_state	2	0.11008870373740055
gse162632	cap48	8	CPA	raw_state	3	0.11230813227404898
gse162632	cap48	8	CPA	raw_state	4	0.11026970920451652
gse162632	cap48	8	CPA	raw_state	5	0.11040552134794808
gse162632	cap48	8	CPA	raw_state	6	0.1135560177042987
gse162632	cap48	8	CPA	raw_state	7	0.11168520022602414
gse162632	cap48	8	CPA	input_centered_effect	0	0.4932752414703088
gse162632	cap48	8	CPA	input_centered_effect	1	0.4755867037533387
gse162632	cap48	8	CPA	input_centered_effect	2	0.46617449540841865
gse162632	cap48	8	CPA	input_centered_effect	3	0.46578379793590313
gse162632	cap48	8	CPA	input_centered_effect	4	0.47272812171186357
gse162632	cap48	8	CPA	input_centered_effect	5	0.48797266357031477
gse162632	cap48	8	CPA	input_centered_effect	6	0.508931200995713
gse162632	cap48	8	CPA	input_centered_effect	7	0.48703081566286566
gse162632	cap48	8	CPA	reference	0	0.4945971765783124
gse162632	cap48	8	CPA	reference	1	0.4772762745684007
gse162632	cap48	8	CPA	reference	2	0.4681235466829002
gse162632	cap48	8	CPA	reference	3	0.4676773835581799
gse162632	cap48	8	CPA	reference	4	0.4737203334423644
gse162632	cap48	8	CPA	reference	5	0.4890371039141158
gse162632	cap48	8	CPA	reference	6	0.5086716093608081
gse162632	cap48	8	CPA	reference	7	0.4879458449993468
gse162632	cap48	8	CPA	D_to_O	0	0.007141014048568849
gse162632	cap48	8	CPA	D_to_O	1	0.007567765678054121
gse162632	cap48	8	CPA	D_to_O	2	0.006970258744668678
gse162632	cap48	8	CPA	D_to_O	3	0.007190352616140126
gse162632	cap48	8	CPA	D_to_O	4	0.006549243030131151
gse162632	cap48	8	CPA	D_to_O	5	0.0066146738742992595
gse162632	cap48	8	CPA	D_to_O	6	0.0063154039968793775
gse162632	cap48	8	CPA	D_to_O	7	0.006682858101239346
gse162632	cap48	8	CPA	D_to_P	0	-0.007141014049463711
gse162632	cap48	8	CPA	D_to_P	1	-0.007567765683521316
gse162632	cap48	8	CPA	D_to_P	2	-0.006970258739712895
gse162632	cap48	8	CPA	D_to_P	3	-0.007190352615942819
gse162632	cap48	8	CPA	D_to_P	4	-0.006549243018506032
gse162632	cap48	8	CPA	D_to_P	5	-0.006614673876467422
gse162632	cap48	8	CPA	D_to_P	6	-0.00631540399017078
gse162632	cap48	8	CPA	D_to_P	7	-0.0066828580992213185
gse162632	cap48	8	CPA	S_to_M	0	-2.9001064882905325e-12
gse162632	cap48	8	CPA	S_to_M	1	6.56331481755738e-12
gse162632	cap48	8	CPA	S_to_M	2	-7.309555645947559e-12
gse162632	cap48	8	CPA	S_to_M	3	4.035335824751722e-12
gse162632	cap48	8	CPA	S_to_M	4	-1.797471281076805e-11
gse162632	cap48	8	CPA	S_to_M	5	9.52471416552451e-13
gse162632	cap48	8	CPA	S_to_M	6	-6.320551748650872e-12
gse162632	cap48	8	CPA	S_to_M	7	-2.61241778209964e-12
gse162632	cap48	8	CellOT	raw_state	0	0.13058448275694273
gse162632	cap48	8	CellOT	raw_state	1	0.12636933316860277
gse162632	cap48	8	CellOT	raw_state	2	0.12031806058503541
gse162632	cap48	8	CellOT	raw_state	3	0.12330779170707021
gse162632	cap48	8	CellOT	raw_state	4	0.12157792819662684
gse162632	cap48	8	CellOT	raw_state	5	0.12071187298480057
gse162632	cap48	8	CellOT	raw_state	6	0.12276802940291343
gse162632	cap48	8	CellOT	raw_state	7	0.12500933395277275
gse162632	cap48	8	CellOT	input_centered_effect	0	0.4851704923941206
gse162632	cap48	8	CellOT	input_centered_effect	1	0.46718782173157636
gse162632	cap48	8	CellOT	input_centered_effect	2	0.45799404003163446
gse162632	cap48	8	CellOT	input_centered_effect	3	0.4576244442934302
gse162632	cap48	8	CellOT	input_centered_effect	4	0.4651643178687835
gse162632	cap48	8	CellOT	input_centered_effect	5	0.47994091377162346
gse162632	cap48	8	CellOT	input_centered_effect	6	0.5001447375818334
gse162632	cap48	8	CellOT	input_centered_effect	7	0.47964073185380934
gse162632	cap48	8	CellOT	reference	0	0.4945971765783124
gse162632	cap48	8	CellOT	reference	1	0.4772762745684007
gse162632	cap48	8	CellOT	reference	2	0.4681235466829002
gse162632	cap48	8	CellOT	reference	3	0.4676773835581799
gse162632	cap48	8	CellOT	reference	4	0.4737203334423644
gse162632	cap48	8	CellOT	reference	5	0.4890371039141158
gse162632	cap48	8	CellOT	reference	6	0.5086716093608081
gse162632	cap48	8	CellOT	reference	7	0.4879458449993468
gse162632	cap48	8	CellOT	D_to_O	0	0.013144133764151697
gse162632	cap48	8	CellOT	D_to_O	1	0.012748694923264319
gse162632	cap48	8	CellOT	D_to_O	2	0.011928774975337111
gse162632	cap48	8	CellOT	D_to_O	3	0.01225340729062852
gse162632	cap48	8	CellOT	D_to_O	4	0.01140715216562331
gse162632	cap48	8	CellOT	D_to_O	5	0.011692682283955142
gse162632	cap48	8	CellOT	D_to_O	6	0.011837018335615639
gse162632	cap48	8	CellOT	D_to_O	7	0.011831624795667031
gse162632	cap48	8	CellOT	D_to_P	0	-0.013144133763922795
gse162632	cap48	8	CellOT	D_to_P	1	-0.012748694930535579
gse162632	cap48	8	CellOT	D_to_P	2	-0.011928774974263095
gse162632	cap48	8	CellOT	D_to_P	3	-0.0122534072866307
gse162632	cap48	8	CellOT	D_to_P	4	-0.011407152158237186
gse162632	cap48	8	CellOT	D_to_P	5	-0.01169268228343602
gse162632	cap48	8	CellOT	D_to_P	6	-0.011837018337657169
gse162632	cap48	8	CellOT	D_to_P	7	-0.011831624798654442
gse162632	cap48	8	CellOT	S_to_M	0	-2.211991007028402e-12
gse162632	cap48	8	CellOT	S_to_M	1	1.0244341884050693e-11
gse162632	cap48	8	CellOT	S_to_M	2	5.668472635722569e-14
gse162632	cap48	8	CellOT	S_to_M	3	-4.866565988156009e-12
gse162632	cap48	8	CellOT	S_to_M	4	-4.461222280482957e-12
gse162632	cap48	8	CellOT	S_to_M	5	-4.609934508200316e-12
gse162632	cap48	8	CellOT	S_to_M	6	3.190704339628425e-12
gse162632	cap48	8	CellOT	S_to_M	7	6.850605083208449e-13
parse	common48	48	scGen	raw_state	0	0.04673689292273646
parse	common48	48	scGen	raw_state	1	0.04328225044267377
parse	common48	48	scGen	raw_state	2	0.04393866505895315
parse	common48	48	scGen	raw_state	3	0.0438222885259954
parse	common48	48	scGen	raw_state	4	0.04613983273133171
parse	common48	48	scGen	raw_state	5	0.04789686287949882
parse	common48	48	scGen	raw_state	6	0.046958138532487634
parse	common48	48	scGen	raw_state	7	0.043671582550182955
parse	common48	48	scGen	input_centered_effect	0	0.17204003268952955
parse	common48	48	scGen	input_centered_effect	1	0.18140288714058608
parse	common48	48	scGen	input_centered_effect	2	0.17321372991722928
parse	common48	48	scGen	input_centered_effect	3	0.17286730885762783
parse	common48	48	scGen	input_centered_effect	4	0.1798094600362555
parse	common48	48	scGen	input_centered_effect	5	0.1793031709376706
parse	common48	48	scGen	input_centered_effect	6	0.17485812822225857
parse	common48	48	scGen	input_centered_effect	7	0.17958822342395103
parse	common48	48	scGen	reference	0	0.18015913714842088
parse	common48	48	scGen	reference	1	0.1880274111763369
parse	common48	48	scGen	reference	2	0.18035242758737655
parse	common48	48	scGen	reference	3	0.17999923333013756
parse	common48	48	scGen	reference	4	0.1872899039794497
parse	common48	48	scGen	reference	5	0.18726647727376414
parse	common48	48	scGen	reference	6	0.18288274708271757
parse	common48	48	scGen	reference	7	0.18629664812208066
parse	common48	48	scGen	D_to_O	0	0.0025219395048368207
parse	common48	48	scGen	D_to_O	1	0.0021603265476032784
parse	common48	48	scGen	D_to_O	2	0.0022273040956894193
parse	common48	48	scGen	D_to_O	3	0.0022185052497967453
parse	common48	48	scGen	D_to_O	4	0.0024374751896213947
parse	common48	48	scGen	D_to_O	5	0.002606607937987162
parse	common48	48	scGen	D_to_O	6	0.0025379004748452127
parse	common48	48	scGen	D_to_O	7	0.002180859115489096
parse	common48	48	scGen	D_to_P	0	-0.0025219395048492054
parse	common48	48	scGen	D_to_P	1	-0.0021603265475305775
parse	common48	48	scGen	D_to_P	2	-0.0022273040958350914
parse	common48	48	scGen	D_to_P	3	-0.002218505249725516
parse	common48	48	scGen	D_to_P	4	-0.0024374751895648254
parse	common48	48	scGen	D_to_P	5	-0.0026066079379914744
parse	common48	48	scGen	D_to_P	6	-0.002537900474834353
parse	common48	48	scGen	D_to_P	7	-0.0021808591155716615
parse	common48	48	scGen	S_to_M	0	-1.4851065978834415e-14
parse	common48	48	scGen	S_to_M	1	-3.436899376207947e-14
parse	common48	48	scGen	S_to_M	2	1.2454023229357957e-13
parse	common48	48	scGen	S_to_M	3	-9.388919271676362e-14
parse	common48	48	scGen	S_to_M	4	-6.089537670413609e-14
parse	common48	48	scGen	S_to_M	5	2.0165929111766923e-15
parse	common48	48	scGen	S_to_M	6	-8.721352922254807e-15
parse	common48	48	scGen	S_to_M	7	8.680573042781542e-14
parse	common48	48	CPA	raw_state	0	0.05359591009078784
parse	common48	48	CPA	raw_state	1	0.048431059656604186
parse	common48	48	CPA	raw_state	2	0.05136049927435951
parse	common48	48	CPA	raw_state	3	0.051191182816106275
parse	common48	48	CPA	raw_state	4	0.05133614463466791
parse	common48	48	CPA	raw_state	5	0.053069869427526534
parse	common48	48	CPA	raw_state	6	0.05216406277079545
parse	common48	48	CPA	raw_state	7	0.04974121326159476
parse	common48	48	CPA	input_centered_effect	0	0.17750595179716647
parse	common48	48	CPA	input_centered_effect	1	0.18672152605253356
parse	common48	48	CPA	input_centered_effect	2	0.1783587767292556
parse	common48	48	CPA	input_centered_effect	3	0.17794046699719002
parse	common48	48	CPA	input_centered_effect	4	0.18569373554748544
parse	common48	48	CPA	input_centered_effect	5	0.18486067054623276
parse	common48	48	CPA	input_centered_effect	6	0.18050143274418237
parse	common48	48	CPA	input_centered_effect	7	0.18471048290322722
parse	common48	48	CPA	reference	0	0.18015913714842088
parse	common48	48	CPA	reference	1	0.1880274111763369
parse	common48	48	CPA	reference	2	0.18035242758737655
parse	common48	48	CPA	reference	3	0.17999923333013756
parse	common48	48	CPA	reference	4	0.1872899039794497
parse	common48	48	CPA	reference	5	0.18726647727376414
parse	common48	48	CPA	reference	6	0.18288274708271757
parse	common48	48	CPA	reference	7	0.18629664812208066
parse	common48	48	CPA	D_to_O	0	0.0019107366761417822
parse	common48	48	CPA	D_to_O	1	0.001417473301506252
parse	common48	48	CPA	D_to_O	2	0.0016765228927411654
parse	common48	48	CPA	D_to_O	3	0.0016787257010838226
parse	common48	48	CPA	D_to_O	4	0.0016153722278231559
parse	common48	48	CPA	D_to_O	5	0.001855838519174477
parse	common48	48	CPA	D_to_O	6	0.0017932107014091408
parse	common48	48	CPA	D_to_O	7	0.0015313334515579683
parse	common48	48	CPA	D_to_P	0	-0.001910736676297583
parse	common48	48	CPA	D_to_P	1	-0.0014174733012487113
parse	common48	48	CPA	D_to_P	2	-0.0016765228927200198
parse	common48	48	CPA	D_to_P	3	-0.0016787257008533017
parse	common48	48	CPA	D_to_P	4	-0.0016153722281157781
parse	common48	48	CPA	D_to_P	5	-0.001855838518977807
parse	common48	48	CPA	D_to_P	6	-0.001793210701487128
parse	common48	48	CPA	D_to_P	7	-0.0015313334513319253
parse	common48	48	CPA	S_to_M	0	1.637549262856197e-13
parse	common48	48	CPA	S_to_M	1	-2.1122718389203024e-13
parse	common48	48	CPA	S_to_M	2	-6.191641643837897e-14
parse	common48	48	CPA	S_to_M	3	-2.2834727627281854e-13
parse	common48	48	CPA	S_to_M	4	2.829989946088555e-13
parse	common48	48	CPA	S_to_M	5	-2.5177862572611784e-13
parse	common48	48	CPA	S_to_M	6	1.1038921628644024e-13
parse	common48	48	CPA	S_to_M	7	-1.235019031486928e-13
parse	common48	48	CellOT	raw_state	0	0.05370376180506324
parse	common48	48	CellOT	raw_state	1	0.05072642564976922
parse	common48	48	CellOT	raw_state	2	0.050435110850368815
parse	common48	48	CellOT	raw_state	3	0.05014083670942612
parse	common48	48	CellOT	raw_state	4	0.05449313750874211
parse	common48	48	CellOT	raw_state	5	0.05522188772770143
parse	common48	48	CellOT	raw_state	6	0.05375672853627043
parse	common48	48	CellOT	raw_state	7	0.05074186038571053
parse	common48	48	CellOT	input_centered_effect	0	0.17297283417620948
parse	common48	48	CellOT	input_centered_effect	1	0.18207848257813905
parse	common48	48	CellOT	input_centered_effect	2	0.17415907455080495
parse	common48	48	CellOT	input_centered_effect	3	0.17367613043901764
parse	common48	48	CellOT	input_centered_effect	4	0.18053248685481404
parse	common48	48	CellOT	input_centered_effect	5	0.17998426062857678
parse	common48	48	CellOT	input_centered_effect	6	0.17566552124225396
parse	common48	48	CellOT	input_centered_effect	7	0.18025178386302695
parse	common48	48	CellOT	reference	0	0.18015913714842088
parse	common48	48	CellOT	reference	1	0.1880274111763369
parse	common48	48	CellOT	reference	2	0.18035242758737655
parse	common48	48	CellOT	reference	3	0.17999923333013756
parse	common48	48	CellOT	reference	4	0.1872899039794497
parse	common48	48	CellOT	reference	5	0.18726647727376414
parse	common48	48	CellOT	reference	6	0.18288274708271757
parse	common48	48	CellOT	reference	7	0.18629664812208066
parse	common48	48	CellOT	D_to_O	0	0.002710903683166916
parse	common48	48	CellOT	D_to_O	1	0.002387451897862067
parse	common48	48	CellOT	D_to_O	2	0.002369657647098993
parse	common48	48	CellOT	D_to_O	3	0.00237521461073543
parse	common48	48	CellOT	D_to_O	4	0.0027275156795671714
parse	common48	48	CellOT	D_to_O	5	0.002861928160602968
parse	common48	48	CellOT	D_to_O	6	0.0027387548451660985
parse	common48	48	CellOT	D_to_O	7	0.002395235955292357
parse	common48	48	CellOT	D_to_P	0	-0.0027109036831389753
parse	common48	48	CellOT	D_to_P	1	-0.0023874518977930834
parse	common48	48	CellOT	D_to_P	2	-0.002369657647096452
parse	common48	48	CellOT	D_to_P	3	-0.0023752146106508845
parse	common48	48	CellOT	D_to_P	4	-0.002727515679564582
parse	common48	48	CellOT	D_to_P	5	-0.00286192816065192
parse	common48	48	CellOT	D_to_P	6	-0.002738754845189779
parse	common48	48	CellOT	D_to_P	7	-0.0023952359553805055
parse	common48	48	CellOT	S_to_M	0	-2.0124376702105686e-14
parse	common48	48	CellOT	S_to_M	1	-2.269456266431232e-14
parse	common48	48	CellOT	S_to_M	2	8.18954163743039e-15
parse	common48	48	CellOT	S_to_M	3	-1.1034183983182899e-13
parse	common48	48	CellOT	S_to_M	4	-1.538458596628267e-14
parse	common48	48	CellOT	S_to_M	5	4.231956336290625e-14
parse	common48	48	CellOT	S_to_M	6	5.550143677979237e-15
parse	common48	48	CellOT	S_to_M	7	8.928696439610326e-14
parse	common128	48	scGen	raw_state	0	0.04591055624645214
parse	common128	48	scGen	raw_state	1	0.04239706000002901
parse	common128	48	scGen	raw_state	2	0.04287598788056428
parse	common128	48	scGen	raw_state	3	0.04277109350808097
parse	common128	48	scGen	raw_state	4	0.045275275934021225
parse	common128	48	scGen	raw_state	5	0.04689617936245372
parse	common128	48	scGen	raw_state	6	0.04599744722338499
parse	common128	48	scGen	raw_state	7	0.04275206954498004
parse	common128	48	scGen	input_centered_effect	0	0.172251639214782
parse	common128	48	scGen	input_centered_effect	1	0.181672383287373
parse	common128	48	scGen	input_centered_effect	2	0.17342492909913412
parse	common128	48	scGen	input_centered_effect	3	0.1731176719862757
parse	common128	48	scGen	input_centered_effect	4	0.1800590447958059
parse	common128	48	scGen	input_centered_effect	5	0.17957133071694337
parse	common128	48	scGen	input_centered_effect	6	0.17509673265417275
parse	common128	48	scGen	input_centered_effect	7	0.17984545393027979
parse	common128	48	scGen	reference	0	0.18015913714842088
parse	common128	48	scGen	reference	1	0.1880274111763369
parse	common128	48	scGen	reference	2	0.18035242758737655
parse	common128	48	scGen	reference	3	0.17999923333013756
parse	common128	48	scGen	reference	4	0.1872899039794497
parse	common128	48	scGen	reference	5	0.18726647727376414
parse	common128	48	scGen	reference	6	0.18288274708271757
parse	common128	48	scGen	reference	7	0.18629664812208066
parse	common128	48	scGen	D_to_O	0	0.0024472333301050367
parse	common128	48	scGen	D_to_O	1	0.0020734816007931
parse	common128	48	scGen	D_to_O	2	0.00214457122013881
parse	common128	48	scGen	D_to_O	3	0.0021296810426746277
parse	common128	48	scGen	D_to_O	4	0.0023530495658959003
parse	common128	48	scGen	D_to_O	5	0.0025110611673383808
parse	common128	48	scGen	D_to_O	6	0.002451499272665756
parse	common128	48	scGen	D_to_O	7	0.002094896626120366
parse	common128	48	scGen	D_to_P	0	-0.0024472333301349867
parse	common128	48	scGen	D_to_P	1	-0.0020734816007466914
parse	common128	48	scGen	D_to_P	2	-0.0021445712201617457
parse	common128	48	scGen	D_to_P	3	-0.002129681042612125
parse	common128	48	scGen	D_to_P	4	-0.0023530495657959464
parse	common128	48	scGen	D_to_P	5	-0.002511061167356598
parse	common128	48	scGen	D_to_P	6	-0.0024514992726777066
parse	common128	48	scGen	D_to_P	7	-0.0020948966262378994
parse	common128	48	scGen	S_to_M	0	8.796375664902692e-15
parse	common128	48	scGen	S_to_M	1	-2.1398874570458897e-14
parse	common128	48	scGen	S_to_M	2	4.8478732602349116e-15
parse	common128	48	scGen	S_to_M	3	-6.954540762715843e-14
parse	common128	48	scGen	S_to_M	4	-8.01531468512066e-14
parse	common128	48	scGen	S_to_M	5	1.6891744947233892e-14
parse	common128	48	scGen	S_to_M	6	1.5909374512235173e-14
parse	common128	48	scGen	S_to_M	7	1.3717767257763007e-13
parse	common128	48	CPA	raw_state	0	0.050726046664489884
parse	common128	48	CPA	raw_state	1	0.044459018844853024
parse	common128	48	CPA	raw_state	2	0.047567392540495766
parse	common128	48	CPA	raw_state	3	0.047387767257714236
parse	common128	48	CPA	raw_state	4	0.04713296647833344
parse	common128	48	CPA	raw_state	5	0.04976537440092295
parse	common128	48	CPA	raw_state	6	0.048971142798823926
parse	common128	48	CPA	raw_state	7	0.04568387272315105
parse	common128	48	CPA	input_centered_effect	0	0.1744232861191221
parse	common128	48	CPA	input_centered_effect	1	0.18395830176565023
parse	common128	48	CPA	input_centered_effect	2	0.17526590265372366
parse	common128	48	CPA	input_centered_effect	3	0.17488225610515898
parse	common128	48	CPA	input_centered_effect	4	0.18279193039536315
parse	common128	48	CPA	input_centered_effect	5	0.1819516277650299
parse	common128	48	CPA	input_centered_effect	6	0.17749345397157287
parse	common128	48	CPA	input_centered_effect	7	0.18190021250275465
parse	common128	48	CPA	reference	0	0.18015913714842088
parse	common128	48	CPA	reference	1	0.1880274111763369
parse	common128	48	CPA	reference	2	0.18035242758737655
parse	common128	48	CPA	reference	3	0.17999923333013756
parse	common128	48	CPA	reference	4	0.1872899039794497
parse	common128	48	CPA	reference	5	0.18726647727376414
parse	common128	48	CPA	reference	6	0.18288274708271757
parse	common128	48	CPA	reference	7	0.18629664812208066
parse	common128	48	CPA	D_to_O	0	0.00230348188306052
parse	common128	48	CPA	D_to_O	1	0.0017451274609537255
parse	common128	48	CPA	D_to_O	2	0.0020357591678224376
parse	common128	48	CPA	D_to_O	3	0.0020307604919059838
parse	common128	48	CPA	D_to_O	4	0.0019430674215032764
parse	common128	48	CPA	D_to_O	5	0.0022194655775508863
parse	common128	48	CPA	D_to_O	6	0.002170172902412495
parse	common128	48	CPA	D_to_O	7	0.0018528850096928655
parse	common128	48	CPA	D_to_P	0	-0.0023034818831359377
parse	common128	48	CPA	D_to_P	1	-0.0017451274612496218
parse	common128	48	CPA	D_to_P	2	-0.0020357591679599305
parse	common128	48	CPA	D_to_P	3	-0.0020307604921556053
parse	common128	48	CPA	D_to_P	4	-0.0019430674218491942
parse	common128	48	CPA	D_to_P	5	-0.0022194655774968046
parse	common128	48	CPA	D_to_P	6	-0.0021701729022587254
parse	common128	48	CPA	D_to_P	7	-0.0018528850097062038
parse	common128	48	CPA	S_to_M	0	3.804665841637226e-14
parse	common128	48	CPA	S_to_M	1	2.9183002310991436e-13
parse	common128	48	CPA	S_to_M	2	7.892068480212326e-14
parse	common128	48	CPA	S_to_M	3	1.7639941359467077e-13
parse	common128	48	CPA	S_to_M	4	2.563699622963137e-13
parse	common128	48	CPA	S_to_M	5	-9.394216885875532e-14
parse	common128	48	CPA	S_to_M	6	-1.1586869426890207e-13
parse	common128	48	CPA	S_to_M	7	4.261010988493297e-14
parse	common128	48	CellOT	raw_state	0	0.051029161299893384
parse	common128	48	CellOT	raw_state	1	0.048817863614185754
parse	common128	48	CellOT	raw_state	2	0.047587599692298234
parse	common128	48	CellOT	raw_state	3	0.04790327883832886
parse	common128	48	CellOT	raw_state	4	0.05245880714457224
parse	common128	48	CellOT	raw_state	5	0.05329881721197937
parse	common128	48	CellOT	raw_state	6	0.05133364690886198
parse	common128	48	CellOT	raw_state	7	0.04881043561025014
parse	common128	48	CellOT	input_centered_effect	0	0.17266351733097904
parse	common128	48	CellOT	input_centered_effect	1	0.18183049635083165
parse	common128	48	CellOT	input_centered_effect	2	0.17383411468155874
parse	common128	48	CellOT	input_centered_effect	3	0.1734310552084185
parse	common128	48	CellOT	input_centered_effect	4	0.18023011171380815
parse	common128	48	CellOT	input_centered_effect	5	0.17973969534020612
parse	common128	48	CellOT	input_centered_effect	6	0.17541366758430912
parse	common128	48	CellOT	input_centered_effect	7	0.18000114710332935
parse	common128	48	CellOT	reference	0	0.18015913714842088
parse	common128	48	CellOT	reference	1	0.1880274111763369
parse	common128	48	CellOT	reference	2	0.18035242758737655
parse	common128	48	CellOT	reference	3	0.17999923333013756
parse	common128	48	CellOT	reference	4	0.1872899039794497
parse	common128	48	CellOT	reference	5	0.18726647727376414
parse	common128	48	CellOT	reference	6	0.18288274708271757
parse	common128	48	CellOT	reference	7	0.18629664812208066
parse	common128	48	CellOT	D_to_O	0	0.002624299891515849
parse	common128	48	CellOT	D_to_O	1	0.0023375808797488407
parse	common128	48	CellOT	D_to_O	2	0.002286639176677535
parse	common128	48	CellOT	D_to_O	3	0.0023080586062221545
parse	common128	48	CellOT	D_to_O	4	0.00267327070611061
parse	common128	48	CellOT	D_to_O	5	0.002801569673068043
parse	common128	48	CellOT	D_to_O	6	0.0026556438550125925
parse	common128	48	CellOT	D_to_O	7	0.0023442433837341354
parse	common128	48	CellOT	D_to_P	0	-0.0026242998915314113
parse	common128	48	CellOT	D_to_P	1	-0.002337580879680709
parse	common128	48	CellOT	D_to_P	2	-0.002286639176608939
parse	common128	48	CellOT	D_to_P	3	-0.0023080586062430605
parse	common128	48	CellOT	D_to_P	4	-0.002673270706034705
parse	common128	48	CellOT	D_to_P	5	-0.0028015696731035176
parse	common128	48	CellOT	D_to_P	6	-0.0026556438550505317
parse	common128	48	CellOT	D_to_P	7	-0.0023442433838041076
parse	common128	48	CellOT	S_to_M	0	7.359888161880451e-15
parse	common128	48	CellOT	S_to_M	1	-2.534101285293448e-14
parse	common128	48	CellOT	S_to_M	2	-4.766983335846575e-14
parse	common128	48	CellOT	S_to_M	3	-6.77749523170235e-16
parse	common128	48	CellOT	S_to_M	4	-5.2243314998164563e-14
parse	common128	48	CellOT	S_to_M	5	2.2630965388718374e-14
parse	common128	48	CellOT	S_to_M	6	1.4930001679402948e-14
parse	common128	48	CellOT	S_to_M	7	7.864389810670798e-14
