case_id	resource	model	fits	operation	prediction_action	prediction_effect_action	observed_target_action	comparison_scope	requires_score_recompute	action_max_abs_error	change_native_prediction	change_prediction	change_target	change_residual	change_metric_prediction	change_scores
Norman_0_input_replacement	Norman	selected_CPA	1	input_replacement	load_or_generate_for_new_input	recentre	preserve	same_declared_quantity	True	0.0	0.2577405399642885	0.2577405399642885	0.0	0.2577405399642885	0.2577405399642885	0.014758814481700688
Norman_0_paired_input_effect	Norman	selected_CPA	1	paired_input_effect	load_or_generate_for_new_input	recentre	preserve	new_prediction_effect	True	0.0	0.2577405399642885	0.2664706511422992	0.0	0.2664706511422992	0.2664706511422992	0.3053997742896247
Norman_0_prediction_baseline	Norman	selected_CPA	1	prediction_baseline	reuse	recentre	preserve	new_prediction_effect	True	0.0	0.0	0.29266056464985013	0.0	0.29266056464985013	0.29266056464985013	0.04871254244947021
Norman_0_observation_baseline	Norman	selected_CPA	1	observation_baseline	reuse	preserve	rebuild	new_observed_realization	True	0.0	0.0	0.0	0.27771419286727905	0.27771419286727905	0.27771419286727905	0.03163966869990276
Norman_0_common_scoring_reference	Norman	selected_CPA	1	common_scoring_reference	reuse	recentre	rebuild	new_observed_realization	True	0.0	0.0	0.29071326460689306	0.29071326460689306	2.7755575615628914e-17	0.0	0.0
Norman_0_same_target_storage_encoding	Norman	selected_CPA	1	same_target_storage_encoding	reuse	preserve	preserve	same_declared_quantity	False	0.0	0.0	0.0	0.0	0.0	0.0	0.0
Norman_0_task_switch	Norman	selected_CPA	1	task_switch	reuse	unused	rebuild	new_task	True	0.0	0.0	4.659544084221125	4.589129593223333	0.29071326460689306	0.29071326460689306	0.2718169266172159
Norman_1_input_replacement	Norman	original_CPA_fixed	1	input_replacement	reuse	preserve	preserve	same_declared_quantity	False	0.0	0.0	0.0	0.0	0.0	0.0	0.0
Norman_1_paired_input_effect	Norman	original_CPA_fixed	1	paired_input_effect	reuse	recentre	preserve	new_prediction_effect	True	0.0	0.0	0.29071326460689306	0.0	0.29071326460689306	0.29071326460689306	0.30482657793783613
Norman_1_prediction_baseline	Norman	original_CPA_fixed	1	prediction_baseline	reuse	recentre	preserve	new_prediction_effect	True	0.0	0.0	0.29266056464985013	0.0	0.29266056464985013	0.29266056464985013	0.03295759080844146
Norman_1_observation_baseline	Norman	original_CPA_fixed	1	observation_baseline	reuse	preserve	rebuild	new_observed_realization	True	0.0	0.0	0.0	0.27771419286727905	0.27771419286727905	0.27771419286727905	0.0244466061745387
Norman_1_common_scoring_reference	Norman	original_CPA_fixed	1	common_scoring_reference	reuse	recentre	rebuild	new_observed_realization	True	0.0	0.0	0.29071326460689306	0.29071326460689306	2.7755575615628914e-17	0.0	0.0
Norman_1_same_target_storage_encoding	Norman	original_CPA_fixed	1	same_target_storage_encoding	reuse	preserve	preserve	same_declared_quantity	False	0.0	0.0	0.0	0.0	0.0	0.0	0.0
Norman_1_task_switch	Norman	original_CPA_fixed	1	task_switch	reuse	unused	rebuild	new_task	True	0.0	0.0	4.659544084221125	4.589129593223333	0.29071326460689306	0.29071326460689306	0.30482657793783613
Norman_2_input_replacement	Norman	additive	1	input_replacement	reuse	preserve	preserve	same_declared_quantity	False	0.0	0.0	0.0	0.0	0.0	0.0	0.0
Norman_2_paired_input_effect	Norman	additive	1	paired_input_effect	reuse	recentre	preserve	new_prediction_effect	True	0.0	0.0	0.29071326460689306	0.0	0.29071326460689306	0.29071326460689306	0.16698039896390449
Norman_2_prediction_baseline	Norman	additive	1	prediction_baseline	reuse	recentre	preserve	new_prediction_effect	True	0.0	0.0	0.29266056464985013	0.0	0.29266056464985013	0.29266056464985013	0.006473157860409251
Norman_2_observation_baseline	Norman	additive	1	observation_baseline	reuse	preserve	rebuild	new_observed_realization	True	0.0	0.0	0.0	0.27771419286727905	0.27771419286727905	0.27771419286727905	0.015768526195140686
Norman_2_common_scoring_reference	Norman	additive	1	common_scoring_reference	reuse	recentre	rebuild	new_observed_realization	True	0.0	0.0	0.29071326460689306	0.29071326460689306	2.7755575615628914e-17	0.0	0.0
Norman_2_same_target_storage_encoding	Norman	additive	1	same_target_storage_encoding	reuse	preserve	preserve	same_declared_quantity	False	0.0	0.0	0.0	0.0	0.0	0.0	0.0
Norman_2_task_switch	Norman	additive	1	task_switch	reuse	unused	rebuild	new_task	True	0.0	0.0	4.659544084221125	4.589129593223333	0.29071326460689306	0.29071326460689306	0.16698039896390449
Norman_3_input_replacement	Norman	compositional_ridge	1	input_replacement	reuse	preserve	preserve	same_declared_quantity	False	0.0	0.0	0.0	0.0	0.0	0.0	0.0
Norman_3_paired_input_effect	Norman	compositional_ridge	1	paired_input_effect	reuse	recentre	preserve	new_prediction_effect	True	0.0	0.0	0.29071326460689306	0.0	0.29071326460689306	0.29071326460689306	0.23610016142497714
Norman_3_prediction_baseline	Norman	compositional_ridge	1	prediction_baseline	reuse	recentre	preserve	new_prediction_effect	True	0.0	0.0	0.29266056464985013	0.0	0.29266056464985013	0.29266056464985013	0.009210727446777867
Norman_3_observation_baseline	Norman	compositional_ridge	1	observation_baseline	reuse	preserve	rebuild	new_observed_realization	True	0.0	0.0	0.0	0.27771419286727905	0.27771419286727905	0.27771419286727905	0.02200171450353039
Norman_3_common_scoring_reference	Norman	compositional_ridge	1	common_scoring_reference	reuse	recentre	rebuild	new_observed_realization	True	0.0	0.0	0.29071326460689306	0.29071326460689306	2.7755575615628914e-17	0.0	0.0
Norman_3_same_target_storage_encoding	Norman	compositional_ridge	1	same_target_storage_encoding	reuse	preserve	preserve	same_declared_quantity	False	0.0	0.0	0.0	0.0	0.0	0.0	0.0
Norman_3_task_switch	Norman	compositional_ridge	1	task_switch	reuse	unused	rebuild	new_task	True	0.0	0.0	4.659544084221125	4.589129593223333	0.29071326460689306	0.29071326460689306	0.23610016142497714
Norman_4_input_replacement	Norman	NC_native_effect	1	input_replacement	reuse	preserve	preserve	same_declared_quantity	False	0.0	0.0	0.0	0.0	0.0	0.0	0.0
Norman_4_paired_input_effect	Norman	NC_native_effect	1	paired_input_effect	reuse	preserve	preserve	same_declared_quantity	False	0.0	0.0	0.0	0.0	0.0	0.0	0.0
Norman_4_prediction_baseline	Norman	NC_native_effect	1	prediction_baseline	reuse	preserve	preserve	same_declared_quantity	False	0.0	0.0	0.0	0.0	0.0	0.0	0.0
Norman_4_observation_baseline	Norman	NC_native_effect	1	observation_baseline	reuse	preserve	rebuild	new_observed_realization	True	0.0	0.0	0.0	0.27771419286727905	0.27771419286727905	0.27771419286727905	0.02386762663662645
Norman_4_common_scoring_reference	Norman	NC_native_effect	1	common_scoring_reference	reuse	preserve	rebuild	new_observed_realization	True	0.0	0.0	0.0	0.29071326460689306	0.29071326460689306	0.29071326460689306	0.02391139612761689
Norman_4_same_target_storage_encoding	Norman	NC_native_effect	1	same_target_storage_encoding	reuse	preserve	preserve	same_declared_quantity	False	0.0	0.0	0.0	0.0	0.0	0.0	0.0
Norman_4_task_switch	Norman	NC_native_effect	1	task_switch	reuse	unused	rebuild	new_task	True	0.0	0.0	4.634844669873434	4.589129593223333	0.23933975674709917	0.23933975674709917	0.11606097215062067
Norman_5_input_replacement	Norman	native_effect_ridge	1	input_replacement	reuse	preserve	preserve	same_declared_quantity	False	0.0	0.0	0.0	0.0	0.0	0.0	0.0
Norman_5_paired_input_effect	Norman	native_effect_ridge	1	paired_input_effect	reuse	preserve	preserve	same_declared_quantity	False	0.0	0.0	0.0	0.0	0.0	0.0	0.0
Norman_5_prediction_baseline	Norman	native_effect_ridge	1	prediction_baseline	reuse	preserve	preserve	same_declared_quantity	False	0.0	0.0	0.0	0.0	0.0	0.0	0.0
Norman_5_observation_baseline	Norman	native_effect_ridge	1	observation_baseline	reuse	preserve	rebuild	new_observed_realization	True	0.0	0.0	0.0	0.27771419286727905	0.27771419286727905	0.27771419286727905	0.01528692584736524
Norman_5_common_scoring_reference	Norman	native_effect_ridge	1	common_scoring_reference	reuse	preserve	rebuild	new_observed_realization	True	0.0	0.0	0.0	0.29071326460689306	0.29071326460689306	0.29071326460689306	0.004093201034925942
Norman_5_same_target_storage_encoding	Norman	native_effect_ridge	1	same_target_storage_encoding	reuse	preserve	preserve	same_declared_quantity	False	2.220446049250313e-16	2.220446049250313e-16	2.220446049250313e-16	0.0	2.220446049250313e-16	2.220446049250313e-16	0.0
Norman_5_task_switch	Norman	native_effect_ridge	1	task_switch	reuse	unused	rebuild	new_task	True	0.0	0.0	4.634844669873434	4.589129593223333	0.23933975674709917	0.23933975674709917	0.10935738382645299
Kang_0_unused_roles_Kang	Kang	ridge_state_terminal	1	unused_roles_Kang	reuse	unused	preserve	same_declared_quantity	False	0.0	0.0	0.0	0.0	0.0	0.0	0.0
Kang_1_unused_roles_Kang	Kang	CellFlow_mean_score_five_fits	5	unused_roles_Kang	reuse	unused	preserve	same_declared_quantity	False	0.0	0.0	0.0	0.0	0.0	0.0	0.0
PBMC_0_input_replacement	PBMC	NO_CHANGE_DIRECT_V1	1	input_replacement	reuse	preserve	preserve	same_declared_quantity	False	0.0	0.0	0.0	0.0	0.0	0.0	0.0
PBMC_0_paired_input_effect	PBMC	NO_CHANGE_DIRECT_V1	1	paired_input_effect	reuse	preserve	preserve	same_declared_quantity	False	0.0	0.0	0.0	0.0	0.0	0.0	0.0
PBMC_0_prediction_baseline	PBMC	NO_CHANGE_DIRECT_V1	1	prediction_baseline	reuse	preserve	preserve	same_declared_quantity	False	0.0	0.0	0.0	0.0	0.0	0.0	0.0
PBMC_0_observation_baseline	PBMC	NO_CHANGE_DIRECT_V1	1	observation_baseline	reuse	preserve	rebuild	new_observed_realization	True	0.0	0.0	0.0	1.7272663116455078	1.7272663116455078	1.7272663116455078	0.012396047806463362
PBMC_0_common_scoring_reference	PBMC	NO_CHANGE_DIRECT_V1	1	common_scoring_reference	reuse	preserve	rebuild	new_observed_realization	True	0.0	0.0	0.0	1.8340435475111008	1.8340435475111008	1.8340435475111008	0.02910377223331445
PBMC_0_same_target_storage_encoding	PBMC	NO_CHANGE_DIRECT_V1	1	same_target_storage_encoding	reuse	preserve	preserve	same_declared_quantity	False	0.0	0.0	0.0	0.0	0.0	0.0	0.0
PBMC_1_input_replacement	PBMC	CONTEXT_MEAN_EFFECT_DIRECT_V1	1	input_replacement	reuse	preserve	preserve	same_declared_quantity	False	0.0	0.0	0.0	0.0	0.0	0.0	0.0
PBMC_1_paired_input_effect	PBMC	CONTEXT_MEAN_EFFECT_DIRECT_V1	1	paired_input_effect	reuse	preserve	preserve	same_declared_quantity	False	0.0	0.0	0.0	0.0	0.0	0.0	0.0
PBMC_1_prediction_baseline	PBMC	CONTEXT_MEAN_EFFECT_DIRECT_V1	1	prediction_baseline	reuse	preserve	preserve	same_declared_quantity	False	0.0	0.0	0.0	0.0	0.0	0.0	0.0
PBMC_1_observation_baseline	PBMC	CONTEXT_MEAN_EFFECT_DIRECT_V1	1	observation_baseline	reuse	preserve	rebuild	new_observed_realization	True	0.0	0.0	0.0	1.7272663116455078	1.7272663116455078	1.7272663116455078	0.0023681662008355753
PBMC_1_common_scoring_reference	PBMC	CONTEXT_MEAN_EFFECT_DIRECT_V1	1	common_scoring_reference	reuse	preserve	rebuild	new_observed_realization	True	0.0	0.0	0.0	1.8340435475111008	1.8340435475111008	1.8340435475111008	0.00931060837982442
PBMC_1_same_target_storage_encoding	PBMC	CONTEXT_MEAN_EFFECT_DIRECT_V1	1	same_target_storage_encoding	reuse	preserve	preserve	same_declared_quantity	False	0.0	0.0	0.0	0.0	0.0	0.0	0.0
PBMC_2_input_replacement	PBMC	TWO_WAY_ADDITIVE_RIDGE_DIRECT_V1	1	input_replacement	reuse	preserve	preserve	same_declared_quantity	False	0.0	0.0	0.0	0.0	0.0	0.0	0.0
PBMC_2_paired_input_effect	PBMC	TWO_WAY_ADDITIVE_RIDGE_DIRECT_V1	1	paired_input_effect	reuse	preserve	preserve	same_declared_quantity	False	0.0	0.0	0.0	0.0	0.0	0.0	0.0
PBMC_2_prediction_baseline	PBMC	TWO_WAY_ADDITIVE_RIDGE_DIRECT_V1	1	prediction_baseline	reuse	preserve	preserve	same_declared_quantity	False	0.0	0.0	0.0	0.0	0.0	0.0	0.0
PBMC_2_observation_baseline	PBMC	TWO_WAY_ADDITIVE_RIDGE_DIRECT_V1	1	observation_baseline	reuse	preserve	rebuild	new_observed_realization	True	0.0	0.0	0.0	1.7272663116455078	1.7272663116455078	1.7272663116455078	0.002297567838896286
PBMC_2_common_scoring_reference	PBMC	TWO_WAY_ADDITIVE_RIDGE_DIRECT_V1	1	common_scoring_reference	reuse	preserve	rebuild	new_observed_realization	True	0.0	0.0	0.0	1.8340435475111008	1.8340435475111008	1.8340435475111008	0.009402018738673412
PBMC_2_same_target_storage_encoding	PBMC	TWO_WAY_ADDITIVE_RIDGE_DIRECT_V1	1	same_target_storage_encoding	reuse	preserve	preserve	same_declared_quantity	False	0.0	0.0	0.0	0.0	0.0	0.0	0.0
PBMC_3_input_replacement	PBMC	PCA64_ADDITIVE_RIDGE_DIRECT_V1	1	input_replacement	reuse	preserve	preserve	same_declared_quantity	False	0.0	0.0	0.0	0.0	0.0	0.0	0.0
PBMC_3_paired_input_effect	PBMC	PCA64_ADDITIVE_RIDGE_DIRECT_V1	1	paired_input_effect	reuse	preserve	preserve	same_declared_quantity	False	0.0	0.0	0.0	0.0	0.0	0.0	0.0
PBMC_3_prediction_baseline	PBMC	PCA64_ADDITIVE_RIDGE_DIRECT_V1	1	prediction_baseline	reuse	preserve	preserve	same_declared_quantity	False	0.0	0.0	0.0	0.0	0.0	0.0	0.0
PBMC_3_observation_baseline	PBMC	PCA64_ADDITIVE_RIDGE_DIRECT_V1	1	observation_baseline	reuse	preserve	rebuild	new_observed_realization	True	0.0	0.0	0.0	1.7272663116455078	1.7272663116455078	1.7272663116455078	0.002122779490127402
PBMC_3_common_scoring_reference	PBMC	PCA64_ADDITIVE_RIDGE_DIRECT_V1	1	common_scoring_reference	reuse	preserve	rebuild	new_observed_realization	True	0.0	0.0	0.0	1.8340435475111008	1.8340435475111008	1.8340435475111008	0.009920796181641711
PBMC_3_same_target_storage_encoding	PBMC	PCA64_ADDITIVE_RIDGE_DIRECT_V1	1	same_target_storage_encoding	reuse	preserve	preserve	same_declared_quantity	False	0.0	0.0	0.0	0.0	0.0	0.0	0.0
PBMC_4_input_replacement	PBMC	RBF_KERNEL_RIDGE_DIRECT_V1	1	input_replacement	reuse	preserve	preserve	same_declared_quantity	False	0.0	0.0	0.0	0.0	0.0	0.0	0.0
PBMC_4_paired_input_effect	PBMC	RBF_KERNEL_RIDGE_DIRECT_V1	1	paired_input_effect	reuse	preserve	preserve	same_declared_quantity	False	0.0	0.0	0.0	0.0	0.0	0.0	0.0
PBMC_4_prediction_baseline	PBMC	RBF_KERNEL_RIDGE_DIRECT_V1	1	prediction_baseline	reuse	preserve	preserve	same_declared_quantity	False	0.0	0.0	0.0	0.0	0.0	0.0	0.0
PBMC_4_observation_baseline	PBMC	RBF_KERNEL_RIDGE_DIRECT_V1	1	observation_baseline	reuse	preserve	rebuild	new_observed_realization	True	0.0	0.0	0.0	1.7272663116455078	1.7272663116455078	1.7272663116455078	0.0021391821053810822
PBMC_4_common_scoring_reference	PBMC	RBF_KERNEL_RIDGE_DIRECT_V1	1	common_scoring_reference	reuse	preserve	rebuild	new_observed_realization	True	0.0	0.0	0.0	1.8340435475111008	1.8340435475111008	1.8340435475111008	0.009613870650784784
PBMC_4_same_target_storage_encoding	PBMC	RBF_KERNEL_RIDGE_DIRECT_V1	1	same_target_storage_encoding	reuse	preserve	preserve	same_declared_quantity	False	0.0	0.0	0.0	0.0	0.0	0.0	0.0
PBMC_5_input_replacement	PBMC	CPA_0_8_8_ABSOLUTE_V1	1	input_replacement	load_or_generate_for_new_input	recentre	preserve	same_declared_quantity	True	0.0	0.002324044704437256	0.002324044704437256	0.0	0.002324044704437256	0.002324044704437256	1.0999500788866357e-05
PBMC_5_paired_input_effect	PBMC	CPA_0_8_8_ABSOLUTE_V1	1	paired_input_effect	load_or_generate_for_new_input	recentre	preserve	new_prediction_effect	True	0.0	0.002324044704437256	1.833685740828514	0.0	1.833685740828514	1.833685740828514	0.2430998009720945
PBMC_5_prediction_baseline	PBMC	CPA_0_8_8_ABSOLUTE_V1	1	prediction_baseline	reuse	recentre	preserve	new_prediction_effect	True	0.0	0.0	2.310657501220703	0.0	2.310657501220703	2.310657501220703	0.03913580972652264
PBMC_5_observation_baseline	PBMC	CPA_0_8_8_ABSOLUTE_V1	1	observation_baseline	reuse	preserve	rebuild	new_observed_realization	True	0.0	0.0	0.0	1.7272663116455078	1.7272663116455078	1.7272663116455078	0.005146167724092043
PBMC_5_common_scoring_reference	PBMC	CPA_0_8_8_ABSOLUTE_V1	1	common_scoring_reference	reuse	recentre	rebuild	new_observed_realization	True	0.0	0.0	1.8340435475111008	1.8340435475111008	1.1102230246251565e-16	0.0	0.0
PBMC_5_same_target_storage_encoding	PBMC	CPA_0_8_8_ABSOLUTE_V1	1	same_target_storage_encoding	reuse	preserve	preserve	same_declared_quantity	False	0.0	0.0	0.0	0.0	0.0	0.0	0.0
PBMC_5_task_switch	PBMC	CPA_0_8_8_ABSOLUTE_V1	1	task_switch	reuse	unused	rebuild	new_task	True	0.0	0.0	6.551788806915283	6.716500282287598	1.8340435475111008	1.8340435475111008	0.24308642194404972
PBMC_6_input_replacement	PBMC	SCGEN_2_1_1_ABSOLUTE_V1	1	input_replacement	load_or_generate_for_new_input	recentre	preserve	same_declared_quantity	True	0.0	0.36019301414489746	0.36019301414489746	0.0	0.36019301414489746	0.36019301414489746	0.007734282355025379
PBMC_6_paired_input_effect	PBMC	SCGEN_2_1_1_ABSOLUTE_V1	1	paired_input_effect	load_or_generate_for_new_input	recentre	preserve	new_prediction_effect	True	0.0	0.36019301414489746	1.7470378130674362	0.0	1.7470378130674362	1.7470378130674362	0.21311854478834355
PBMC_6_prediction_baseline	PBMC	SCGEN_2_1_1_ABSOLUTE_V1	1	prediction_baseline	reuse	recentre	preserve	new_prediction_effect	True	0.0	0.0	2.310657501220703	0.0	2.310657501220703	2.310657501220703	0.0071887488716748105
PBMC_6_observation_baseline	PBMC	SCGEN_2_1_1_ABSOLUTE_V1	1	observation_baseline	reuse	preserve	rebuild	new_observed_realization	True	0.0	0.0	0.0	1.7272663116455078	1.7272663116455078	1.7272663116455078	0.003554229866204517
PBMC_6_common_scoring_reference	PBMC	SCGEN_2_1_1_ABSOLUTE_V1	1	common_scoring_reference	reuse	recentre	rebuild	new_observed_realization	True	0.0	0.0	1.8340435475111008	1.8340435475111008	1.1102230246251565e-16	0.0	0.0
PBMC_6_same_target_storage_encoding	PBMC	SCGEN_2_1_1_ABSOLUTE_V1	1	same_target_storage_encoding	reuse	preserve	preserve	same_declared_quantity	False	0.0	0.0	0.0	0.0	0.0	0.0	0.0
PBMC_6_task_switch	PBMC	SCGEN_2_1_1_ABSOLUTE_V1	1	task_switch	reuse	unused	rebuild	new_task	True	0.0	0.0	6.551788806915283	6.716500282287598	1.8340435475111008	1.8340435475111008	0.21412251188177722
PBMC_7_input_replacement	PBMC	CELLOT_522D2B9_ABSOLUTE_V1	1	input_replacement	load_or_generate_for_new_input	recentre	preserve	same_declared_quantity	True	0.0	1.0466601848602295	1.0466601848602295	0.0	1.0466601848602295	1.0466601848602295	0.006397176693287099
PBMC_7_paired_input_effect	PBMC	CELLOT_522D2B9_ABSOLUTE_V1	1	paired_input_effect	load_or_generate_for_new_input	recentre	preserve	new_prediction_effect	True	0.0	1.0466601848602295	1.8778461664915085	0.0	1.8778461664915085	1.8778461664915085	0.22166165476994365
PBMC_7_prediction_baseline	PBMC	CELLOT_522D2B9_ABSOLUTE_V1	1	prediction_baseline	reuse	recentre	preserve	new_prediction_effect	True	0.0	0.0	2.310657501220703	0.0	2.310657501220703	2.310657501220703	0.0062291753432244246
PBMC_7_observation_baseline	PBMC	CELLOT_522D2B9_ABSOLUTE_V1	1	observation_baseline	reuse	preserve	rebuild	new_observed_realization	True	0.0	0.0	0.0	1.7272663116455078	1.7272663116455078	1.7272663116455078	0.016845422219002648
PBMC_7_common_scoring_reference	PBMC	CELLOT_522D2B9_ABSOLUTE_V1	1	common_scoring_reference	reuse	recentre	rebuild	new_observed_realization	True	0.0	0.0	1.8340435475111008	1.8340435475111008	1.1102230246251565e-16	0.0	0.0
PBMC_7_same_target_storage_encoding	PBMC	CELLOT_522D2B9_ABSOLUTE_V1	1	same_target_storage_encoding	reuse	preserve	preserve	same_declared_quantity	False	0.0	0.0	0.0	0.0	0.0	0.0	0.0
PBMC_7_task_switch	PBMC	CELLOT_522D2B9_ABSOLUTE_V1	1	task_switch	reuse	unused	rebuild	new_task	True	0.0	0.0	6.551788806915283	6.716500282287598	1.8340435475111008	1.8340435475111008	0.18394127475728295
