dataset	regime	family	mode	depth	seed_summary	root_index	root_tasks	rms
parse	common48	CPA	raw_state	16	mean_of_squared_seed_displacements	0	722	0.09250404023347432
parse	common48	CPA	raw_state	16	mean_of_squared_seed_displacements	1	722	0.0838149002638049
parse	common48	CPA	raw_state	16	mean_of_squared_seed_displacements	2	722	0.08903718298960495
parse	common48	CPA	raw_state	16	mean_of_squared_seed_displacements	3	722	0.08838383002822717
parse	common48	CPA	raw_state	16	mean_of_squared_seed_displacements	4	722	0.0891727707658038
parse	common48	CPA	raw_state	16	mean_of_squared_seed_displacements	5	722	0.09173936221854453
parse	common48	CPA	raw_state	16	mean_of_squared_seed_displacements	6	722	0.09038848410817002
parse	common48	CPA	raw_state	16	mean_of_squared_seed_displacements	7	722	0.08606717345687145
parse	common48	CPA	raw_state	16	17	0	722	0.09282342746781962
parse	common48	CPA	raw_state	16	17	1	722	0.08409429581379087
parse	common48	CPA	raw_state	16	17	2	722	0.08956420616062007
parse	common48	CPA	raw_state	16	17	3	722	0.08863037361248917
parse	common48	CPA	raw_state	16	17	4	722	0.08974052178857793
parse	common48	CPA	raw_state	16	17	5	722	0.09180189048966834
parse	common48	CPA	raw_state	16	17	6	722	0.09043029730105878
parse	common48	CPA	raw_state	16	17	7	722	0.08647198031829051
parse	common48	CPA	raw_state	16	29	0	722	0.09228516665808001
parse	common48	CPA	raw_state	16	29	1	722	0.08343290325864373
parse	common48	CPA	raw_state	16	29	2	722	0.08863152425671733
parse	common48	CPA	raw_state	16	29	3	722	0.08837573272949086
parse	common48	CPA	raw_state	16	29	4	722	0.08813941564392137
parse	common48	CPA	raw_state	16	29	5	722	0.09162489883492686
parse	common48	CPA	raw_state	16	29	6	722	0.09030860426046777
parse	common48	CPA	raw_state	16	29	7	722	0.08581553983292457
parse	common48	CPA	raw_state	16	43	0	722	0.09240266071150484
parse	common48	CPA	raw_state	16	43	1	722	0.08391610443836856
parse	common48	CPA	raw_state	16	43	2	722	0.08891324843307682
parse	common48	CPA	raw_state	16	43	3	722	0.08814471605951102
parse	common48	CPA	raw_state	16	43	4	722	0.08962941089404507
parse	common48	CPA	raw_state	16	43	5	722	0.0917911899738111
parse	common48	CPA	raw_state	16	43	6	722	0.09042649780173423
parse	common48	CPA	raw_state	16	43	7	722	0.08591254148017333
parse	common48	CPA	raw_state	24	mean_of_squared_seed_displacements	0	722	0.07569498609643542
parse	common48	CPA	raw_state	24	mean_of_squared_seed_displacements	1	722	0.0685081515567805
parse	common48	CPA	raw_state	24	mean_of_squared_seed_displacements	2	722	0.07258087696544872
parse	common48	CPA	raw_state	24	mean_of_squared_seed_displacements	3	722	0.07221418663598012
parse	common48	CPA	raw_state	24	mean_of_squared_seed_displacements	4	722	0.0727928875472235
parse	common48	CPA	raw_state	24	mean_of_squared_seed_displacements	5	722	0.0749386282239828
parse	common48	CPA	raw_state	24	mean_of_squared_seed_displacements	6	722	0.07376903644414978
parse	common48	CPA	raw_state	24	mean_of_squared_seed_displacements	7	722	0.07038652065596389
parse	common48	CPA	raw_state	24	17	0	722	0.0760095575285494
parse	common48	CPA	raw_state	24	17	1	722	0.06868941052295519
parse	common48	CPA	raw_state	24	17	2	722	0.07292072873372406
parse	common48	CPA	raw_state	24	17	3	722	0.07236956373159573
parse	common48	CPA	raw_state	24	17	4	722	0.07322481580508429
parse	common48	CPA	raw_state	24	17	5	722	0.07504579128602847
parse	common48	CPA	raw_state	24	17	6	722	0.07384570556922826
parse	common48	CPA	raw_state	24	17	7	722	0.07070218879438081
parse	common48	CPA	raw_state	24	29	0	722	0.0754693409019066
parse	common48	CPA	raw_state	24	29	1	722	0.06826343953948504
parse	common48	CPA	raw_state	24	29	2	722	0.07230078772676657
parse	common48	CPA	raw_state	24	29	3	722	0.07222243697654043
parse	common48	CPA	raw_state	24	29	4	722	0.07191467231801564
parse	common48	CPA	raw_state	24	29	5	722	0.0748454219820589
parse	common48	CPA	raw_state	24	29	6	722	0.07370563637393024
parse	common48	CPA	raw_state	24	29	7	722	0.07022514611075711
parse	common48	CPA	raw_state	24	43	0	722	0.07560501642460381
parse	common48	CPA	raw_state	24	43	1	722	0.0685708990274184
parse	common48	CPA	raw_state	24	43	2	722	0.07251975260749646
parse	common48	CPA	raw_state	24	43	3	722	0.07205020539149531
parse	common48	CPA	raw_state	24	43	4	722	0.07323127534115538
parse	common48	CPA	raw_state	24	43	5	722	0.07492453549311033
parse	common48	CPA	raw_state	24	43	6	722	0.07375569909770831
parse	common48	CPA	raw_state	24	43	7	722	0.07023116276670838
parse	common48	CPA	raw_state	32	mean_of_squared_seed_displacements	0	722	0.06558345374414602
parse	common48	CPA	raw_state	32	mean_of_squared_seed_displacements	1	722	0.059248742355713854
parse	common48	CPA	raw_state	32	mean_of_squared_seed_displacements	2	722	0.06289704687104186
parse	common48	CPA	raw_state	32	mean_of_squared_seed_displacements	3	722	0.06259800559180242
parse	common48	CPA	raw_state	32	mean_of_squared_seed_displacements	4	722	0.0630088723006005
parse	common48	CPA	raw_state	32	mean_of_squared_seed_displacements	5	722	0.06484372860480668
parse	common48	CPA	raw_state	32	mean_of_squared_seed_displacements	6	722	0.0639097137879751
parse	common48	CPA	raw_state	32	mean_of_squared_seed_displacements	7	722	0.06093697766157829
parse	common48	CPA	raw_state	32	17	0	722	0.06587946553627265
parse	common48	CPA	raw_state	32	17	1	722	0.059386241250427234
parse	common48	CPA	raw_state	32	17	2	722	0.06323516600038366
parse	common48	CPA	raw_state	32	17	3	722	0.06279797380168102
parse	common48	CPA	raw_state	32	17	4	722	0.06338763897050609
parse	common48	CPA	raw_state	32	17	5	722	0.06491565730681396
parse	common48	CPA	raw_state	32	17	6	722	0.06396316591238506
parse	common48	CPA	raw_state	32	17	7	722	0.06117556437415692
parse	common48	CPA	raw_state	32	29	0	722	0.06539861691024032
parse	common48	CPA	raw_state	32	29	1	722	0.05902369493815974
parse	common48	CPA	raw_state	32	29	2	722	0.0626380240575891
parse	common48	CPA	raw_state	32	29	3	722	0.06256971037760635
parse	common48	CPA	raw_state	32	29	4	722	0.062248204084020875
parse	common48	CPA	raw_state	32	29	5	722	0.06473739254339914
parse	common48	CPA	raw_state	32	29	6	722	0.06383622642042176
parse	common48	CPA	raw_state	32	29	7	722	0.060797550254289554
parse	common48	CPA	raw_state	32	43	0	722	0.0654712543175577
parse	common48	CPA	raw_state	32	43	1	722	0.059335640202111434
parse	common48	CPA	raw_state	32	43	2	722	0.06281645674788518
parse	common48	CPA	raw_state	32	43	3	722	0.06242576985412205
parse	common48	CPA	raw_state	32	43	4	722	0.06338392761449084
parse	common48	CPA	raw_state	32	43	5	722	0.06487799982449828
parse	common48	CPA	raw_state	32	43	6	722	0.06392968130882594
parse	common48	CPA	raw_state	32	43	7	722	0.060837109942563715
parse	common48	CPA	raw_state	40	mean_of_squared_seed_displacements	0	722	0.05876955861308423
parse	common48	CPA	raw_state	40	mean_of_squared_seed_displacements	1	722	0.053041644495451956
parse	common48	CPA	raw_state	40	mean_of_squared_seed_displacements	2	722	0.056244853503560746
parse	common48	CPA	raw_state	40	mean_of_squared_seed_displacements	3	722	0.056058890952969884
parse	common48	CPA	raw_state	40	mean_of_squared_seed_displacements	4	722	0.056310470763512414
parse	common48	CPA	raw_state	40	mean_of_squared_seed_displacements	5	722	0.058111746551868855
parse	common48	CPA	raw_state	40	mean_of_squared_seed_displacements	6	722	0.057108536143559444
parse	common48	CPA	raw_state	40	mean_of_squared_seed_displacements	7	722	0.05446978788772288
parse	common48	CPA	raw_state	40	17	0	722	0.05905195653079646
parse	common48	CPA	raw_state	40	17	1	722	0.0531638028768355
parse	common48	CPA	raw_state	40	17	2	722	0.05660053968348396
parse	common48	CPA	raw_state	40	17	3	722	0.056209466887080166
parse	common48	CPA	raw_state	40	17	4	722	0.05664118746088384
parse	common48	CPA	raw_state	40	17	5	722	0.05815378643476307
parse	common48	CPA	raw_state	40	17	6	722	0.057141755666927356
parse	common48	CPA	raw_state	40	17	7	722	0.05467457948060507
parse	common48	CPA	raw_state	40	29	0	722	0.05860169646663665
parse	common48	CPA	raw_state	40	29	1	722	0.05282923536214418
parse	common48	CPA	raw_state	40	29	2	722	0.05598721864730769
parse	common48	CPA	raw_state	40	29	3	722	0.05607685759895877
parse	common48	CPA	raw_state	40	29	4	722	0.055602726294642406
parse	common48	CPA	raw_state	40	29	5	722	0.058024146684075836
parse	common48	CPA	raw_state	40	29	6	722	0.05703951220866952
parse	common48	CPA	raw_state	40	29	7	722	0.05438507384949672
parse	common48	CPA	raw_state	40	43	0	722	0.0586539909967546
parse	common48	CPA	raw_state	40	43	1	722	0.0531312535808245
parse	common48	CPA	raw_state	40	43	2	722	0.05614499882080291
parse	common48	CPA	raw_state	40	43	3	722	0.055889888519545655
parse	common48	CPA	raw_state	40	43	4	722	0.05668086153587707
parse	common48	CPA	raw_state	40	43	5	722	0.058157207522462395
parse	common48	CPA	raw_state	40	43	6	722	0.05714427799595448
parse	common48	CPA	raw_state	40	43	7	722	0.054349125831096565
parse	common48	CPA	raw_state	48	mean_of_squared_seed_displacements	0	722	0.05359591009078784
parse	common48	CPA	raw_state	48	mean_of_squared_seed_displacements	1	722	0.048431059656604186
parse	common48	CPA	raw_state	48	mean_of_squared_seed_displacements	2	722	0.05136049927435951
parse	common48	CPA	raw_state	48	mean_of_squared_seed_displacements	3	722	0.051191182816106275
parse	common48	CPA	raw_state	48	mean_of_squared_seed_displacements	4	722	0.05133614463466791
parse	common48	CPA	raw_state	48	mean_of_squared_seed_displacements	5	722	0.053069869427526534
parse	common48	CPA	raw_state	48	mean_of_squared_seed_displacements	6	722	0.05216406277079545
parse	common48	CPA	raw_state	48	mean_of_squared_seed_displacements	7	722	0.04974121326159476
parse	common48	CPA	raw_state	48	17	0	722	0.053846677167116656
parse	common48	CPA	raw_state	48	17	1	722	0.048543134055915524
parse	common48	CPA	raw_state	48	17	2	722	0.05171237485670089
parse	common48	CPA	raw_state	48	17	3	722	0.05133365831456716
parse	common48	CPA	raw_state	48	17	4	722	0.05161540475613619
parse	common48	CPA	raw_state	48	17	5	722	0.05311605155402663
parse	common48	CPA	raw_state	48	17	6	722	0.052181370338408826
parse	common48	CPA	raw_state	48	17	7	722	0.049938520825344244
parse	common48	CPA	raw_state	48	29	0	722	0.05345220685292033
parse	common48	CPA	raw_state	48	29	1	722	0.04823153660789295
parse	common48	CPA	raw_state	48	29	2	722	0.05110612915372547
parse	common48	CPA	raw_state	48	29	3	722	0.05120970463705302
parse	common48	CPA	raw_state	48	29	4	722	0.05072414301938341
parse	common48	CPA	raw_state	48	29	5	722	0.052989083102882154
parse	common48	CPA	raw_state	48	29	6	722	0.05211819697202228
parse	common48	CPA	raw_state	48	29	7	722	0.049668176878281026
parse	common48	CPA	raw_state	48	43	0	722	0.05348795823353487
parse	common48	CPA	raw_state	48	43	1	722	0.048517889802170436
parse	common48	CPA	raw_state	48	43	2	722	0.051261062286468616
parse	common48	CPA	raw_state	48	43	3	722	0.05102972926995699
parse	common48	CPA	raw_state	48	43	4	722	0.051663435277418304
parse	common48	CPA	raw_state	48	43	5	722	0.05310438082107726
parse	common48	CPA	raw_state	48	43	6	722	0.052192590166208204
parse	common48	CPA	raw_state	48	43	7	722	0.04961634038873489
parse	common48	CPA	input_centered_effect	16	mean_of_squared_seed_displacements	0	722	0.30745557677979
parse	common48	CPA	input_centered_effect	16	mean_of_squared_seed_displacements	1	722	0.3233631175166675
parse	common48	CPA	input_centered_effect	16	mean_of_squared_seed_displacements	2	722	0.3087851390905424
parse	common48	CPA	input_centered_effect	16	mean_of_squared_seed_displacements	3	722	0.3082043401016021
parse	common48	CPA	input_centered_effect	16	mean_of_squared_seed_displacements	4	722	0.3217331956984703
parse	common48	CPA	input_centered_effect	16	mean_of_squared_seed_displacements	5	722	0.32009351582516204
parse	common48	CPA	input_centered_effect	16	mean_of_squared_seed_displacements	6	722	0.31265505880429284
parse	common48	CPA	input_centered_effect	16	mean_of_squared_seed_displacements	7	722	0.3199409361352522
parse	common48	CPA	input_centered_effect	16	17	0	722	0.3076454817368301
parse	common48	CPA	input_centered_effect	16	17	1	722	0.32349434409624567
parse	common48	CPA	input_centered_effect	16	17	2	722	0.30897592401576635
parse	common48	CPA	input_centered_effect	16	17	3	722	0.30836527717146284
parse	common48	CPA	input_centered_effect	16	17	4	722	0.32194367275361013
parse	common48	CPA	input_centered_effect	16	17	5	722	0.3201571364488376
parse	common48	CPA	input_centered_effect	16	17	6	722	0.3127231140448316
parse	common48	CPA	input_centered_effect	16	17	7	722	0.3201053403773932
parse	common48	CPA	input_centered_effect	16	29	0	722	0.30739516987467486
parse	common48	CPA	input_centered_effect	16	29	1	722	0.3233095582154955
parse	common48	CPA	input_centered_effect	16	29	2	722	0.30870794011295205
parse	common48	CPA	input_centered_effect	16	29	3	722	0.30813663238032446
parse	common48	CPA	input_centered_effect	16	29	4	722	0.32165722859014556
parse	common48	CPA	input_centered_effect	16	29	5	722	0.32009178981892344
parse	common48	CPA	input_centered_effect	16	29	6	722	0.31261720604843274
parse	common48	CPA	input_centered_effect	16	29	7	722	0.319880045395298
parse	common48	CPA	input_centered_effect	16	43	0	722	0.3073259868341973
parse	common48	CPA	input_centered_effect	16	43	1	722	0.32328540983863663
parse	common48	CPA	input_centered_effect	16	43	2	722	0.30867146362972825
parse	common48	CPA	input_centered_effect	16	43	3	722	0.3081110471772656
parse	common48	CPA	input_centered_effect	16	43	4	722	0.3215985797740303
parse	common48	CPA	input_centered_effect	16	43	5	722	0.3200316088940886
parse	common48	CPA	input_centered_effect	16	43	6	722	0.3126248451616142
parse	common48	CPA	input_centered_effect	16	43	7	722	0.31983735783219536
parse	common48	CPA	input_centered_effect	24	mean_of_squared_seed_displacements	0	722	0.25101157956140596
parse	common48	CPA	input_centered_effect	24	mean_of_squared_seed_displacements	1	722	0.26406305626058657
parse	common48	CPA	input_centered_effect	24	mean_of_squared_seed_displacements	2	722	0.2522157713888591
parse	common48	CPA	input_centered_effect	24	mean_of_squared_seed_displacements	3	722	0.25157920654896343
parse	common48	CPA	input_centered_effect	24	mean_of_squared_seed_displacements	4	722	0.2626420411254361
parse	common48	CPA	input_centered_effect	24	mean_of_squared_seed_displacements	5	722	0.2614059138589136
parse	common48	CPA	input_centered_effect	24	mean_of_squared_seed_displacements	6	722	0.25520987028229863
parse	common48	CPA	input_centered_effect	24	mean_of_squared_seed_displacements	7	722	0.2612442008458459
parse	common48	CPA	input_centered_effect	24	17	0	722	0.2511779171451223
parse	common48	CPA	input_centered_effect	24	17	1	722	0.2641659656370114
parse	common48	CPA	input_centered_effect	24	17	2	722	0.252359365179184
parse	common48	CPA	input_centered_effect	24	17	3	722	0.2517108279502776
parse	common48	CPA	input_centered_effect	24	17	4	722	0.26279765643520664
parse	common48	CPA	input_centered_effect	24	17	5	722	0.261470708038125
parse	common48	CPA	input_centered_effect	24	17	6	722	0.2552610805122701
parse	common48	CPA	input_centered_effect	24	17	7	722	0.261382391830121
parse	common48	CPA	input_centered_effect	24	29	0	722	0.2509532968916502
parse	common48	CPA	input_centered_effect	24	29	1	722	0.26401760598980145
parse	common48	CPA	input_centered_effect	24	29	2	722	0.25216607449062034
parse	common48	CPA	input_centered_effect	24	29	3	722	0.2515269919614843
parse	common48	CPA	input_centered_effect	24	29	4	722	0.2625838750304303
parse	common48	CPA	input_centered_effect	24	29	5	722	0.26140455426132275
parse	common48	CPA	input_centered_effect	24	29	6	722	0.25517680915732377
parse	common48	CPA	input_centered_effect	24	29	7	722	0.2611866314947637
parse	common48	CPA	input_centered_effect	24	43	0	722	0.250903439473406
parse	common48	CPA	input_centered_effect	24	43	1	722	0.2640055669328289
parse	common48	CPA	input_centered_effect	24	43	2	722	0.2521218112226342
parse	common48	CPA	input_centered_effect	24	43	3	722	0.2514997473374692
parse	common48	CPA	input_centered_effect	24	43	4	722	0.262544521264057
parse	common48	CPA	input_centered_effect	24	43	5	722	0.2613424635429961
parse	common48	CPA	input_centered_effect	24	43	6	722	0.25519171325205264
parse	common48	CPA	input_centered_effect	24	43	7	722	0.26116352386261205
parse	common48	CPA	input_centered_effect	32	mean_of_squared_seed_displacements	0	722	0.21742782551416953
parse	common48	CPA	input_centered_effect	32	mean_of_squared_seed_displacements	1	722	0.2286937840237794
parse	common48	CPA	input_centered_effect	32	mean_of_squared_seed_displacements	2	722	0.2183974814018905
parse	common48	CPA	input_centered_effect	32	mean_of_squared_seed_displacements	3	722	0.2179245216235347
parse	common48	CPA	input_centered_effect	32	mean_of_squared_seed_displacements	4	722	0.2274473590934491
parse	common48	CPA	input_centered_effect	32	mean_of_squared_seed_displacements	5	722	0.22640495560805562
parse	common48	CPA	input_centered_effect	32	mean_of_squared_seed_displacements	6	722	0.22100767531826276
parse	common48	CPA	input_centered_effect	32	mean_of_squared_seed_displacements	7	722	0.2262351049749539
parse	common48	CPA	input_centered_effect	32	17	0	722	0.21758308333267076
parse	common48	CPA	input_centered_effect	32	17	1	722	0.22878614722516097
parse	common48	CPA	input_centered_effect	32	17	2	722	0.21852687772848842
parse	common48	CPA	input_centered_effect	32	17	3	722	0.21803662320073705
parse	common48	CPA	input_centered_effect	32	17	4	722	0.22758429958993076
parse	common48	CPA	input_centered_effect	32	17	5	722	0.22646043283875963
parse	common48	CPA	input_centered_effect	32	17	6	722	0.22106202657109325
parse	common48	CPA	input_centered_effect	32	17	7	722	0.2263515678197705
parse	common48	CPA	input_centered_effect	32	29	0	722	0.21736942503179432
parse	common48	CPA	input_centered_effect	32	29	1	722	0.22864909050121318
parse	common48	CPA	input_centered_effect	32	29	2	722	0.21834926217696352
parse	common48	CPA	input_centered_effect	32	29	3	722	0.21787875389074016
parse	common48	CPA	input_centered_effect	32	29	4	722	0.22740237894538792
parse	common48	CPA	input_centered_effect	32	29	5	722	0.22640036736582816
parse	common48	CPA	input_centered_effect	32	29	6	722	0.22097038562873209
parse	common48	CPA	input_centered_effect	32	29	7	722	0.22618027782197378
parse	common48	CPA	input_centered_effect	32	43	0	722	0.21733088329148206
parse	common48	CPA	input_centered_effect	32	43	1	722	0.228646086352204
parse	common48	CPA	input_centered_effect	32	43	2	722	0.21831624553633366
parse	common48	CPA	input_centered_effect	32	43	3	722	0.2178581440313335
parse	common48	CPA	input_centered_effect	32	43	4	722	0.22735533445664308
parse	common48	CPA	input_centered_effect	32	43	5	722	0.22635405405416642
parse	common48	CPA	input_centered_effect	32	43	6	722	0.22099060326656236
parse	common48	CPA	input_centered_effect	32	43	7	722	0.22617342425446957
parse	common48	CPA	input_centered_effect	40	mean_of_squared_seed_displacements	0	722	0.19444119076216093
parse	common48	CPA	input_centered_effect	40	mean_of_squared_seed_displacements	1	722	0.20454680772398431
parse	common48	CPA	input_centered_effect	40	mean_of_squared_seed_displacements	2	722	0.19536744032742112
parse	common48	CPA	input_centered_effect	40	mean_of_squared_seed_displacements	3	722	0.19493126880174355
parse	common48	CPA	input_centered_effect	40	mean_of_squared_seed_displacements	4	722	0.20339093548071588
parse	common48	CPA	input_centered_effect	40	mean_of_squared_seed_displacements	5	722	0.20249872435187277
parse	common48	CPA	input_centered_effect	40	mean_of_squared_seed_displacements	6	722	0.197695205684181
parse	common48	CPA	input_centered_effect	40	mean_of_squared_seed_displacements	7	722	0.20233847577954944
parse	common48	CPA	input_centered_effect	40	17	0	722	0.19458803636066632
parse	common48	CPA	input_centered_effect	40	17	1	722	0.20462741917141586
parse	common48	CPA	input_centered_effect	40	17	2	722	0.19548497079831462
parse	common48	CPA	input_centered_effect	40	17	3	722	0.1950321969164591
parse	common48	CPA	input_centered_effect	40	17	4	722	0.20351740239617366
parse	common48	CPA	input_centered_effect	40	17	5	722	0.2025396231910689
parse	common48	CPA	input_centered_effect	40	17	6	722	0.19774986316117368
parse	common48	CPA	input_centered_effect	40	17	7	722	0.20244224433686542
parse	common48	CPA	input_centered_effect	40	29	0	722	0.1943889852795116
parse	common48	CPA	input_centered_effect	40	29	1	722	0.20450472105789835
parse	common48	CPA	input_centered_effect	40	29	2	722	0.19531907521561398
parse	common48	CPA	input_centered_effect	40	29	3	722	0.19489351463526988
parse	common48	CPA	input_centered_effect	40	29	4	722	0.20334901678927872
parse	common48	CPA	input_centered_effect	40	29	5	722	0.2025020359667258
parse	common48	CPA	input_centered_effect	40	29	6	722	0.19766115279093815
parse	common48	CPA	input_centered_effect	40	29	7	722	0.20228782757740635
parse	common48	CPA	input_centered_effect	40	43	0	722	0.19434646511404025
parse	common48	CPA	input_centered_effect	40	43	1	722	0.204508259096044
parse	common48	CPA	input_centered_effect	40	43	2	722	0.19529822136712993
parse	common48	CPA	input_centered_effect	40	43	3	722	0.1948680548192133
parse	common48	CPA	input_centered_effect	40	43	4	722	0.20330632602039164
parse	common48	CPA	input_centered_effect	40	43	5	722	0.20245450491248052
parse	common48	CPA	input_centered_effect	40	43	6	722	0.19767458953701325
parse	common48	CPA	input_centered_effect	40	43	7	722	0.20228531549334078
parse	common48	CPA	input_centered_effect	48	mean_of_squared_seed_displacements	0	722	0.17750595179716647
parse	common48	CPA	input_centered_effect	48	mean_of_squared_seed_displacements	1	722	0.18672152605253356
parse	common48	CPA	input_centered_effect	48	mean_of_squared_seed_displacements	2	722	0.1783587767292556
parse	common48	CPA	input_centered_effect	48	mean_of_squared_seed_displacements	3	722	0.17794046699719002
parse	common48	CPA	input_centered_effect	48	mean_of_squared_seed_displacements	4	722	0.18569373554748544
parse	common48	CPA	input_centered_effect	48	mean_of_squared_seed_displacements	5	722	0.18486067054623276
parse	common48	CPA	input_centered_effect	48	mean_of_squared_seed_displacements	6	722	0.18050143274418237
parse	common48	CPA	input_centered_effect	48	mean_of_squared_seed_displacements	7	722	0.18471048290322722
parse	common48	CPA	input_centered_effect	48	17	0	722	0.17763767251310808
parse	common48	CPA	input_centered_effect	48	17	1	722	0.18679945876448206
parse	common48	CPA	input_centered_effect	48	17	2	722	0.17847249132037113
parse	common48	CPA	input_centered_effect	48	17	3	722	0.17803982082819464
parse	common48	CPA	input_centered_effect	48	17	4	722	0.18580717052289733
parse	common48	CPA	input_centered_effect	48	17	5	722	0.1848925780250207
parse	common48	CPA	input_centered_effect	48	17	6	722	0.1805586904900819
parse	common48	CPA	input_centered_effect	48	17	7	722	0.18480800363669547
parse	common48	CPA	input_centered_effect	48	29	0	722	0.17745708342391603
parse	common48	CPA	input_centered_effect	48	29	1	722	0.18668408242700416
parse	common48	CPA	input_centered_effect	48	29	2	722	0.17831186655839676
parse	common48	CPA	input_centered_effect	48	29	3	722	0.17789812478332637
parse	common48	CPA	input_centered_effect	48	29	4	722	0.18565738571787752
parse	common48	CPA	input_centered_effect	48	29	5	722	0.18486789555719077
parse	common48	CPA	input_centered_effect	48	29	6	722	0.18046620123956025
parse	common48	CPA	input_centered_effect	48	29	7	722	0.1846660079200638
parse	common48	CPA	input_centered_effect	48	43	0	722	0.17742302448402011
parse	common48	CPA	input_centered_effect	48	43	1	722	0.18668101255308517
parse	common48	CPA	input_centered_effect	48	43	2	722	0.17829191735866748
parse	common48	CPA	input_centered_effect	48	43	3	722	0.1778834134582951
parse	common48	CPA	input_centered_effect	48	43	4	722	0.18561659617452553
parse	common48	CPA	input_centered_effect	48	43	5	722	0.18482153101823828
parse	common48	CPA	input_centered_effect	48	43	6	722	0.18047939263743432
parse	common48	CPA	input_centered_effect	48	43	7	722	0.18465739842669893
