case_id	graph_id	comparison_index	source	target	wins	losses	ties
G12_W01	G12	0	NC	CM	4	8	0
G12_W01	G12	1	NC	TW	4	8	0
G12_W01	G12	2	NC	PCA	4	8	0
G12_W01	G12	3	NC	RBF	4	8	0
G12_W01	G12	4	NC	CPA	12	0	0
G12_W01	G12	5	NC	scGen	12	0	0
G12_W01	G12	6	NC	CellOT	12	0	0
G12_W01	G12	7	CM	NC	8	4	0
G12_W01	G12	8	CM	TW	3	9	0
G12_W01	G12	9	CM	PCA	3	9	0
G12_W01	G12	10	CM	RBF	1	11	0
G12_W01	G12	11	CM	CPA	12	0	0
G12_W01	G12	12	CM	scGen	12	0	0
G12_W01	G12	13	CM	CellOT	12	0	0
G12_W01	G12	14	TW	NC	8	4	0
G12_W01	G12	15	TW	CM	9	3	0
G12_W01	G12	16	TW	PCA	0	0	12
G12_W01	G12	17	TW	RBF	3	9	0
G12_W01	G12	18	TW	CPA	12	0	0
G12_W01	G12	19	TW	scGen	12	0	0
G12_W01	G12	20	TW	CellOT	12	0	0
G12_W01	G12	21	PCA	NC	8	4	0
G12_W01	G12	22	PCA	CM	9	3	0
G12_W01	G12	23	PCA	TW	0	0	12
G12_W01	G12	24	PCA	RBF	3	9	0
G12_W01	G12	25	PCA	CPA	12	0	0
G12_W01	G12	26	PCA	scGen	12	0	0
G12_W01	G12	27	PCA	CellOT	12	0	0
G12_W01	G12	28	RBF	NC	8	4	0
G12_W01	G12	29	RBF	CM	11	1	0
G12_W01	G12	30	RBF	TW	9	3	0
G12_W01	G12	31	RBF	PCA	9	3	0
G12_W01	G12	32	RBF	CPA	12	0	0
G12_W01	G12	33	RBF	scGen	12	0	0
G12_W01	G12	34	RBF	CellOT	12	0	0
G12_W01	G12	35	CPA	NC	0	12	0
G12_W01	G12	36	CPA	CM	0	12	0
G12_W01	G12	37	CPA	TW	0	12	0
G12_W01	G12	38	CPA	PCA	0	12	0
G12_W01	G12	39	CPA	RBF	0	12	0
G12_W01	G12	40	CPA	scGen	0	12	0
G12_W01	G12	41	CPA	CellOT	0	12	0
G12_W01	G12	42	scGen	NC	0	12	0
G12_W01	G12	43	scGen	CM	0	12	0
G12_W01	G12	44	scGen	TW	0	12	0
G12_W01	G12	45	scGen	PCA	0	12	0
G12_W01	G12	46	scGen	RBF	0	12	0
G12_W01	G12	47	scGen	CPA	12	0	0
G12_W01	G12	48	scGen	CellOT	12	0	0
G12_W01	G12	49	CellOT	NC	0	12	0
G12_W01	G12	50	CellOT	CM	0	12	0
G12_W01	G12	51	CellOT	TW	0	12	0
G12_W01	G12	52	CellOT	PCA	0	12	0
G12_W01	G12	53	CellOT	RBF	0	12	0
G12_W01	G12	54	CellOT	CPA	12	0	0
G12_W01	G12	55	CellOT	scGen	0	12	0
G12_W02	G12	0	NC	CM	5	7	0
G12_W02	G12	1	NC	TW	5	7	0
G12_W02	G12	2	NC	PCA	5	7	0
G12_W02	G12	3	NC	RBF	5	7	0
G12_W02	G12	4	NC	CPA	12	0	0
G12_W02	G12	5	NC	scGen	12	0	0
G12_W02	G12	6	NC	CellOT	12	0	0
G12_W02	G12	7	CM	NC	7	5	0
G12_W02	G12	8	CM	TW	2	10	0
G12_W02	G12	9	CM	PCA	2	10	0
G12_W02	G12	10	CM	RBF	0	12	0
G12_W02	G12	11	CM	CPA	12	0	0
G12_W02	G12	12	CM	scGen	12	0	0
G12_W02	G12	13	CM	CellOT	12	0	0
G12_W02	G12	14	TW	NC	7	5	0
G12_W02	G12	15	TW	CM	10	2	0
G12_W02	G12	16	TW	PCA	0	0	12
G12_W02	G12	17	TW	RBF	2	10	0
G12_W02	G12	18	TW	CPA	12	0	0
G12_W02	G12	19	TW	scGen	12	0	0
G12_W02	G12	20	TW	CellOT	12	0	0
G12_W02	G12	21	PCA	NC	7	5	0
G12_W02	G12	22	PCA	CM	10	2	0
G12_W02	G12	23	PCA	TW	0	0	12
G12_W02	G12	24	PCA	RBF	2	10	0
G12_W02	G12	25	PCA	CPA	12	0	0
G12_W02	G12	26	PCA	scGen	12	0	0
G12_W02	G12	27	PCA	CellOT	12	0	0
G12_W02	G12	28	RBF	NC	7	5	0
G12_W02	G12	29	RBF	CM	12	0	0
G12_W02	G12	30	RBF	TW	10	2	0
G12_W02	G12	31	RBF	PCA	10	2	0
G12_W02	G12	32	RBF	CPA	12	0	0
G12_W02	G12	33	RBF	scGen	12	0	0
G12_W02	G12	34	RBF	CellOT	12	0	0
G12_W02	G12	35	CPA	NC	0	12	0
G12_W02	G12	36	CPA	CM	0	12	0
G12_W02	G12	37	CPA	TW	0	12	0
G12_W02	G12	38	CPA	PCA	0	12	0
G12_W02	G12	39	CPA	RBF	0	12	0
G12_W02	G12	40	CPA	scGen	0	12	0
G12_W02	G12	41	CPA	CellOT	0	12	0
G12_W02	G12	42	scGen	NC	0	12	0
G12_W02	G12	43	scGen	CM	0	12	0
G12_W02	G12	44	scGen	TW	0	12	0
G12_W02	G12	45	scGen	PCA	0	12	0
G12_W02	G12	46	scGen	RBF	0	12	0
G12_W02	G12	47	scGen	CPA	12	0	0
G12_W02	G12	48	scGen	CellOT	12	0	0
G12_W02	G12	49	CellOT	NC	0	12	0
G12_W02	G12	50	CellOT	CM	0	12	0
G12_W02	G12	51	CellOT	TW	0	12	0
G12_W02	G12	52	CellOT	PCA	0	12	0
G12_W02	G12	53	CellOT	RBF	0	12	0
G12_W02	G12	54	CellOT	CPA	12	0	0
G12_W02	G12	55	CellOT	scGen	0	12	0
G39_W03	G39	0	NC	CM	15	24	0
G39_W03	G39	1	NC	TW	15	24	0
G39_W03	G39	2	NC	PCA	15	24	0
G39_W03	G39	3	NC	RBF	15	24	0
G39_W03	G39	4	NC	CPA	39	0	0
G39_W03	G39	5	NC	scGen	39	0	0
G39_W03	G39	6	NC	CellOT	39	0	0
G39_W03	G39	7	CM	NC	24	15	0
G39_W03	G39	8	CM	TW	4	35	0
G39_W03	G39	9	CM	PCA	4	35	0
G39_W03	G39	10	CM	RBF	6	33	0
G39_W03	G39	11	CM	CPA	39	0	0
G39_W03	G39	12	CM	scGen	39	0	0
G39_W03	G39	13	CM	CellOT	39	0	0
G39_W03	G39	14	TW	NC	24	15	0
G39_W03	G39	15	TW	CM	35	4	0
G39_W03	G39	16	TW	PCA	0	0	39
G39_W03	G39	17	TW	RBF	11	28	0
G39_W03	G39	18	TW	CPA	39	0	0
G39_W03	G39	19	TW	scGen	39	0	0
G39_W03	G39	20	TW	CellOT	39	0	0
G39_W03	G39	21	PCA	NC	24	15	0
G39_W03	G39	22	PCA	CM	35	4	0
G39_W03	G39	23	PCA	TW	0	0	39
G39_W03	G39	24	PCA	RBF	11	28	0
G39_W03	G39	25	PCA	CPA	39	0	0
G39_W03	G39	26	PCA	scGen	39	0	0
G39_W03	G39	27	PCA	CellOT	39	0	0
G39_W03	G39	28	RBF	NC	24	15	0
G39_W03	G39	29	RBF	CM	33	6	0
G39_W03	G39	30	RBF	TW	28	11	0
G39_W03	G39	31	RBF	PCA	28	11	0
G39_W03	G39	32	RBF	CPA	39	0	0
G39_W03	G39	33	RBF	scGen	39	0	0
G39_W03	G39	34	RBF	CellOT	39	0	0
G39_W03	G39	35	CPA	NC	0	39	0
G39_W03	G39	36	CPA	CM	0	39	0
G39_W03	G39	37	CPA	TW	0	39	0
G39_W03	G39	38	CPA	PCA	0	39	0
G39_W03	G39	39	CPA	RBF	0	39	0
G39_W03	G39	40	CPA	scGen	0	39	0
G39_W03	G39	41	CPA	CellOT	0	39	0
G39_W03	G39	42	scGen	NC	0	39	0
G39_W03	G39	43	scGen	CM	0	39	0
G39_W03	G39	44	scGen	TW	0	39	0
G39_W03	G39	45	scGen	PCA	0	39	0
G39_W03	G39	46	scGen	RBF	0	39	0
G39_W03	G39	47	scGen	CPA	39	0	0
G39_W03	G39	48	scGen	CellOT	39	0	0
G39_W03	G39	49	CellOT	NC	0	39	0
G39_W03	G39	50	CellOT	CM	0	39	0
G39_W03	G39	51	CellOT	TW	0	39	0
G39_W03	G39	52	CellOT	PCA	0	39	0
G39_W03	G39	53	CellOT	RBF	0	39	0
G39_W03	G39	54	CellOT	CPA	39	0	0
G39_W03	G39	55	CellOT	scGen	0	39	0
G39_W04	G39	0	NC	CM	15	24	0
G39_W04	G39	1	NC	TW	15	24	0
G39_W04	G39	2	NC	PCA	15	24	0
G39_W04	G39	3	NC	RBF	15	24	0
G39_W04	G39	4	NC	CPA	39	0	0
G39_W04	G39	5	NC	scGen	39	0	0
G39_W04	G39	6	NC	CellOT	39	0	0
G39_W04	G39	7	CM	NC	24	15	0
G39_W04	G39	8	CM	TW	4	35	0
G39_W04	G39	9	CM	PCA	4	35	0
G39_W04	G39	10	CM	RBF	6	33	0
G39_W04	G39	11	CM	CPA	39	0	0
G39_W04	G39	12	CM	scGen	39	0	0
G39_W04	G39	13	CM	CellOT	39	0	0
G39_W04	G39	14	TW	NC	24	15	0
G39_W04	G39	15	TW	CM	35	4	0
G39_W04	G39	16	TW	PCA	0	0	39
G39_W04	G39	17	TW	RBF	11	28	0
G39_W04	G39	18	TW	CPA	39	0	0
G39_W04	G39	19	TW	scGen	39	0	0
G39_W04	G39	20	TW	CellOT	39	0	0
G39_W04	G39	21	PCA	NC	24	15	0
G39_W04	G39	22	PCA	CM	35	4	0
G39_W04	G39	23	PCA	TW	0	0	39
G39_W04	G39	24	PCA	RBF	11	28	0
G39_W04	G39	25	PCA	CPA	39	0	0
G39_W04	G39	26	PCA	scGen	39	0	0
G39_W04	G39	27	PCA	CellOT	39	0	0
G39_W04	G39	28	RBF	NC	24	15	0
G39_W04	G39	29	RBF	CM	33	6	0
G39_W04	G39	30	RBF	TW	28	11	0
G39_W04	G39	31	RBF	PCA	28	11	0
G39_W04	G39	32	RBF	CPA	39	0	0
G39_W04	G39	33	RBF	scGen	39	0	0
G39_W04	G39	34	RBF	CellOT	39	0	0
G39_W04	G39	35	CPA	NC	0	39	0
G39_W04	G39	36	CPA	CM	0	39	0
G39_W04	G39	37	CPA	TW	0	39	0
G39_W04	G39	38	CPA	PCA	0	39	0
G39_W04	G39	39	CPA	RBF	0	39	0
G39_W04	G39	40	CPA	scGen	0	39	0
G39_W04	G39	41	CPA	CellOT	0	39	0
G39_W04	G39	42	scGen	NC	0	39	0
G39_W04	G39	43	scGen	CM	0	39	0
G39_W04	G39	44	scGen	TW	0	39	0
G39_W04	G39	45	scGen	PCA	0	39	0
G39_W04	G39	46	scGen	RBF	0	39	0
G39_W04	G39	47	scGen	CPA	39	0	0
G39_W04	G39	48	scGen	CellOT	39	0	0
G39_W04	G39	49	CellOT	NC	0	39	0
G39_W04	G39	50	CellOT	CM	0	39	0
G39_W04	G39	51	CellOT	TW	0	39	0
G39_W04	G39	52	CellOT	PCA	0	39	0
G39_W04	G39	53	CellOT	RBF	0	39	0
G39_W04	G39	54	CellOT	CPA	39	0	0
G39_W04	G39	55	CellOT	scGen	0	39	0
G39_W05	G39	0	NC	CM	15	24	0
G39_W05	G39	1	NC	TW	15	24	0
G39_W05	G39	2	NC	PCA	15	24	0
G39_W05	G39	3	NC	RBF	15	24	0
G39_W05	G39	4	NC	CPA	39	0	0
G39_W05	G39	5	NC	scGen	39	0	0
G39_W05	G39	6	NC	CellOT	39	0	0
G39_W05	G39	7	CM	NC	24	15	0
G39_W05	G39	8	CM	TW	4	35	0
G39_W05	G39	9	CM	PCA	4	35	0
G39_W05	G39	10	CM	RBF	6	33	0
G39_W05	G39	11	CM	CPA	39	0	0
G39_W05	G39	12	CM	scGen	39	0	0
G39_W05	G39	13	CM	CellOT	39	0	0
G39_W05	G39	14	TW	NC	24	15	0
G39_W05	G39	15	TW	CM	35	4	0
G39_W05	G39	16	TW	PCA	0	0	39
G39_W05	G39	17	TW	RBF	11	28	0
G39_W05	G39	18	TW	CPA	39	0	0
G39_W05	G39	19	TW	scGen	39	0	0
G39_W05	G39	20	TW	CellOT	39	0	0
G39_W05	G39	21	PCA	NC	24	15	0
G39_W05	G39	22	PCA	CM	35	4	0
G39_W05	G39	23	PCA	TW	0	0	39
G39_W05	G39	24	PCA	RBF	11	28	0
G39_W05	G39	25	PCA	CPA	39	0	0
G39_W05	G39	26	PCA	scGen	39	0	0
G39_W05	G39	27	PCA	CellOT	39	0	0
G39_W05	G39	28	RBF	NC	24	15	0
G39_W05	G39	29	RBF	CM	33	6	0
G39_W05	G39	30	RBF	TW	28	11	0
G39_W05	G39	31	RBF	PCA	28	11	0
G39_W05	G39	32	RBF	CPA	39	0	0
G39_W05	G39	33	RBF	scGen	39	0	0
G39_W05	G39	34	RBF	CellOT	39	0	0
G39_W05	G39	35	CPA	NC	0	39	0
G39_W05	G39	36	CPA	CM	0	39	0
G39_W05	G39	37	CPA	TW	0	39	0
G39_W05	G39	38	CPA	PCA	0	39	0
G39_W05	G39	39	CPA	RBF	0	39	0
G39_W05	G39	40	CPA	scGen	0	39	0
G39_W05	G39	41	CPA	CellOT	0	39	0
G39_W05	G39	42	scGen	NC	0	39	0
G39_W05	G39	43	scGen	CM	0	39	0
G39_W05	G39	44	scGen	TW	0	39	0
G39_W05	G39	45	scGen	PCA	0	39	0
G39_W05	G39	46	scGen	RBF	0	39	0
G39_W05	G39	47	scGen	CPA	39	0	0
G39_W05	G39	48	scGen	CellOT	39	0	0
G39_W05	G39	49	CellOT	NC	0	39	0
G39_W05	G39	50	CellOT	CM	0	39	0
G39_W05	G39	51	CellOT	TW	0	39	0
G39_W05	G39	52	CellOT	PCA	0	39	0
G39_W05	G39	53	CellOT	RBF	0	39	0
G39_W05	G39	54	CellOT	CPA	39	0	0
G39_W05	G39	55	CellOT	scGen	0	39	0
G39_W06	G39	0	NC	CM	15	24	0
G39_W06	G39	1	NC	TW	15	24	0
G39_W06	G39	2	NC	PCA	15	24	0
G39_W06	G39	3	NC	RBF	15	24	0
G39_W06	G39	4	NC	CPA	39	0	0
G39_W06	G39	5	NC	scGen	39	0	0
G39_W06	G39	6	NC	CellOT	39	0	0
G39_W06	G39	7	CM	NC	24	15	0
G39_W06	G39	8	CM	TW	4	35	0
G39_W06	G39	9	CM	PCA	4	35	0
G39_W06	G39	10	CM	RBF	6	33	0
G39_W06	G39	11	CM	CPA	39	0	0
G39_W06	G39	12	CM	scGen	39	0	0
G39_W06	G39	13	CM	CellOT	39	0	0
G39_W06	G39	14	TW	NC	24	15	0
G39_W06	G39	15	TW	CM	35	4	0
G39_W06	G39	16	TW	PCA	0	0	39
G39_W06	G39	17	TW	RBF	11	28	0
G39_W06	G39	18	TW	CPA	39	0	0
G39_W06	G39	19	TW	scGen	39	0	0
G39_W06	G39	20	TW	CellOT	39	0	0
G39_W06	G39	21	PCA	NC	24	15	0
G39_W06	G39	22	PCA	CM	35	4	0
G39_W06	G39	23	PCA	TW	0	0	39
G39_W06	G39	24	PCA	RBF	11	28	0
G39_W06	G39	25	PCA	CPA	39	0	0
G39_W06	G39	26	PCA	scGen	39	0	0
G39_W06	G39	27	PCA	CellOT	39	0	0
G39_W06	G39	28	RBF	NC	24	15	0
G39_W06	G39	29	RBF	CM	33	6	0
G39_W06	G39	30	RBF	TW	28	11	0
G39_W06	G39	31	RBF	PCA	28	11	0
G39_W06	G39	32	RBF	CPA	39	0	0
G39_W06	G39	33	RBF	scGen	39	0	0
G39_W06	G39	34	RBF	CellOT	39	0	0
G39_W06	G39	35	CPA	NC	0	39	0
G39_W06	G39	36	CPA	CM	0	39	0
G39_W06	G39	37	CPA	TW	0	39	0
G39_W06	G39	38	CPA	PCA	0	39	0
G39_W06	G39	39	CPA	RBF	0	39	0
G39_W06	G39	40	CPA	scGen	0	39	0
G39_W06	G39	41	CPA	CellOT	0	39	0
G39_W06	G39	42	scGen	NC	0	39	0
G39_W06	G39	43	scGen	CM	0	39	0
G39_W06	G39	44	scGen	TW	0	39	0
G39_W06	G39	45	scGen	PCA	0	39	0
G39_W06	G39	46	scGen	RBF	0	39	0
G39_W06	G39	47	scGen	CPA	39	0	0
G39_W06	G39	48	scGen	CellOT	39	0	0
G39_W06	G39	49	CellOT	NC	0	39	0
G39_W06	G39	50	CellOT	CM	0	39	0
G39_W06	G39	51	CellOT	TW	0	39	0
G39_W06	G39	52	CellOT	PCA	0	39	0
G39_W06	G39	53	CellOT	RBF	0	39	0
G39_W06	G39	54	CellOT	CPA	39	0	0
G39_W06	G39	55	CellOT	scGen	0	39	0
G39_W07	G39	0	NC	CM	15	24	0
G39_W07	G39	1	NC	TW	15	24	0
G39_W07	G39	2	NC	PCA	15	24	0
G39_W07	G39	3	NC	RBF	15	24	0
G39_W07	G39	4	NC	CPA	39	0	0
G39_W07	G39	5	NC	scGen	39	0	0
G39_W07	G39	6	NC	CellOT	39	0	0
G39_W07	G39	7	CM	NC	24	15	0
G39_W07	G39	8	CM	TW	4	35	0
G39_W07	G39	9	CM	PCA	4	35	0
G39_W07	G39	10	CM	RBF	6	33	0
G39_W07	G39	11	CM	CPA	39	0	0
G39_W07	G39	12	CM	scGen	39	0	0
G39_W07	G39	13	CM	CellOT	39	0	0
G39_W07	G39	14	TW	NC	24	15	0
G39_W07	G39	15	TW	CM	35	4	0
G39_W07	G39	16	TW	PCA	0	0	39
G39_W07	G39	17	TW	RBF	11	28	0
G39_W07	G39	18	TW	CPA	39	0	0
G39_W07	G39	19	TW	scGen	39	0	0
G39_W07	G39	20	TW	CellOT	39	0	0
G39_W07	G39	21	PCA	NC	24	15	0
G39_W07	G39	22	PCA	CM	35	4	0
G39_W07	G39	23	PCA	TW	0	0	39
G39_W07	G39	24	PCA	RBF	11	28	0
G39_W07	G39	25	PCA	CPA	39	0	0
G39_W07	G39	26	PCA	scGen	39	0	0
G39_W07	G39	27	PCA	CellOT	39	0	0
G39_W07	G39	28	RBF	NC	24	15	0
G39_W07	G39	29	RBF	CM	33	6	0
G39_W07	G39	30	RBF	TW	28	11	0
G39_W07	G39	31	RBF	PCA	28	11	0
G39_W07	G39	32	RBF	CPA	39	0	0
G39_W07	G39	33	RBF	scGen	39	0	0
G39_W07	G39	34	RBF	CellOT	39	0	0
G39_W07	G39	35	CPA	NC	0	39	0
G39_W07	G39	36	CPA	CM	0	39	0
G39_W07	G39	37	CPA	TW	0	39	0
G39_W07	G39	38	CPA	PCA	0	39	0
G39_W07	G39	39	CPA	RBF	0	39	0
G39_W07	G39	40	CPA	scGen	0	39	0
G39_W07	G39	41	CPA	CellOT	0	39	0
G39_W07	G39	42	scGen	NC	0	39	0
G39_W07	G39	43	scGen	CM	0	39	0
G39_W07	G39	44	scGen	TW	0	39	0
G39_W07	G39	45	scGen	PCA	0	39	0
G39_W07	G39	46	scGen	RBF	0	39	0
G39_W07	G39	47	scGen	CPA	39	0	0
G39_W07	G39	48	scGen	CellOT	39	0	0
G39_W07	G39	49	CellOT	NC	0	39	0
G39_W07	G39	50	CellOT	CM	0	39	0
G39_W07	G39	51	CellOT	TW	0	39	0
G39_W07	G39	52	CellOT	PCA	0	39	0
G39_W07	G39	53	CellOT	RBF	0	39	0
G39_W07	G39	54	CellOT	CPA	39	0	0
G39_W07	G39	55	CellOT	scGen	0	39	0
G39_W08	G39	0	NC	CM	16	23	0
G39_W08	G39	1	NC	TW	16	23	0
G39_W08	G39	2	NC	PCA	16	23	0
G39_W08	G39	3	NC	RBF	16	23	0
G39_W08	G39	4	NC	CPA	39	0	0
G39_W08	G39	5	NC	scGen	39	0	0
G39_W08	G39	6	NC	CellOT	39	0	0
G39_W08	G39	7	CM	NC	23	16	0
G39_W08	G39	8	CM	TW	4	35	0
G39_W08	G39	9	CM	PCA	4	35	0
G39_W08	G39	10	CM	RBF	5	34	0
G39_W08	G39	11	CM	CPA	39	0	0
G39_W08	G39	12	CM	scGen	39	0	0
G39_W08	G39	13	CM	CellOT	39	0	0
G39_W08	G39	14	TW	NC	23	16	0
G39_W08	G39	15	TW	CM	35	4	0
G39_W08	G39	16	TW	PCA	0	0	39
G39_W08	G39	17	TW	RBF	9	30	0
G39_W08	G39	18	TW	CPA	39	0	0
G39_W08	G39	19	TW	scGen	39	0	0
G39_W08	G39	20	TW	CellOT	39	0	0
G39_W08	G39	21	PCA	NC	23	16	0
G39_W08	G39	22	PCA	CM	35	4	0
G39_W08	G39	23	PCA	TW	0	0	39
G39_W08	G39	24	PCA	RBF	9	30	0
G39_W08	G39	25	PCA	CPA	39	0	0
G39_W08	G39	26	PCA	scGen	39	0	0
G39_W08	G39	27	PCA	CellOT	39	0	0
G39_W08	G39	28	RBF	NC	23	16	0
G39_W08	G39	29	RBF	CM	34	5	0
G39_W08	G39	30	RBF	TW	30	9	0
G39_W08	G39	31	RBF	PCA	30	9	0
G39_W08	G39	32	RBF	CPA	39	0	0
G39_W08	G39	33	RBF	scGen	39	0	0
G39_W08	G39	34	RBF	CellOT	39	0	0
G39_W08	G39	35	CPA	NC	0	39	0
G39_W08	G39	36	CPA	CM	0	39	0
G39_W08	G39	37	CPA	TW	0	39	0
G39_W08	G39	38	CPA	PCA	0	39	0
G39_W08	G39	39	CPA	RBF	0	39	0
G39_W08	G39	40	CPA	scGen	0	39	0
G39_W08	G39	41	CPA	CellOT	0	39	0
G39_W08	G39	42	scGen	NC	0	39	0
G39_W08	G39	43	scGen	CM	0	39	0
G39_W08	G39	44	scGen	TW	0	39	0
G39_W08	G39	45	scGen	PCA	0	39	0
G39_W08	G39	46	scGen	RBF	0	39	0
G39_W08	G39	47	scGen	CPA	39	0	0
G39_W08	G39	48	scGen	CellOT	39	0	0
G39_W08	G39	49	CellOT	NC	0	39	0
G39_W08	G39	50	CellOT	CM	0	39	0
G39_W08	G39	51	CellOT	TW	0	39	0
G39_W08	G39	52	CellOT	PCA	0	39	0
G39_W08	G39	53	CellOT	RBF	0	39	0
G39_W08	G39	54	CellOT	CPA	39	0	0
G39_W08	G39	55	CellOT	scGen	0	39	0
G39_W09	G39	0	NC	CM	15	24	0
G39_W09	G39	1	NC	TW	15	24	0
G39_W09	G39	2	NC	PCA	15	24	0
G39_W09	G39	3	NC	RBF	15	24	0
G39_W09	G39	4	NC	CPA	39	0	0
G39_W09	G39	5	NC	scGen	39	0	0
G39_W09	G39	6	NC	CellOT	39	0	0
G39_W09	G39	7	CM	NC	24	15	0
G39_W09	G39	8	CM	TW	4	35	0
G39_W09	G39	9	CM	PCA	4	35	0
G39_W09	G39	10	CM	RBF	6	33	0
G39_W09	G39	11	CM	CPA	39	0	0
G39_W09	G39	12	CM	scGen	39	0	0
G39_W09	G39	13	CM	CellOT	39	0	0
G39_W09	G39	14	TW	NC	24	15	0
G39_W09	G39	15	TW	CM	35	4	0
G39_W09	G39	16	TW	PCA	0	0	39
G39_W09	G39	17	TW	RBF	11	28	0
G39_W09	G39	18	TW	CPA	39	0	0
G39_W09	G39	19	TW	scGen	39	0	0
G39_W09	G39	20	TW	CellOT	39	0	0
G39_W09	G39	21	PCA	NC	24	15	0
G39_W09	G39	22	PCA	CM	35	4	0
G39_W09	G39	23	PCA	TW	0	0	39
G39_W09	G39	24	PCA	RBF	11	28	0
G39_W09	G39	25	PCA	CPA	39	0	0
G39_W09	G39	26	PCA	scGen	39	0	0
G39_W09	G39	27	PCA	CellOT	39	0	0
G39_W09	G39	28	RBF	NC	24	15	0
G39_W09	G39	29	RBF	CM	33	6	0
G39_W09	G39	30	RBF	TW	28	11	0
G39_W09	G39	31	RBF	PCA	28	11	0
G39_W09	G39	32	RBF	CPA	39	0	0
G39_W09	G39	33	RBF	scGen	39	0	0
G39_W09	G39	34	RBF	CellOT	39	0	0
G39_W09	G39	35	CPA	NC	0	39	0
G39_W09	G39	36	CPA	CM	0	39	0
G39_W09	G39	37	CPA	TW	0	39	0
G39_W09	G39	38	CPA	PCA	0	39	0
G39_W09	G39	39	CPA	RBF	0	39	0
G39_W09	G39	40	CPA	scGen	0	39	0
G39_W09	G39	41	CPA	CellOT	0	39	0
G39_W09	G39	42	scGen	NC	0	39	0
G39_W09	G39	43	scGen	CM	0	39	0
G39_W09	G39	44	scGen	TW	0	39	0
G39_W09	G39	45	scGen	PCA	0	39	0
G39_W09	G39	46	scGen	RBF	0	39	0
G39_W09	G39	47	scGen	CPA	39	0	0
G39_W09	G39	48	scGen	CellOT	39	0	0
G39_W09	G39	49	CellOT	NC	0	39	0
G39_W09	G39	50	CellOT	CM	0	39	0
G39_W09	G39	51	CellOT	TW	0	39	0
G39_W09	G39	52	CellOT	PCA	0	39	0
G39_W09	G39	53	CellOT	RBF	0	39	0
G39_W09	G39	54	CellOT	CPA	39	0	0
G39_W09	G39	55	CellOT	scGen	0	39	0
G39_W10	G39	0	NC	CM	16	23	0
G39_W10	G39	1	NC	TW	16	23	0
G39_W10	G39	2	NC	PCA	16	23	0
G39_W10	G39	3	NC	RBF	16	23	0
G39_W10	G39	4	NC	CPA	39	0	0
G39_W10	G39	5	NC	scGen	39	0	0
G39_W10	G39	6	NC	CellOT	39	0	0
G39_W10	G39	7	CM	NC	23	16	0
G39_W10	G39	8	CM	TW	4	35	0
G39_W10	G39	9	CM	PCA	4	35	0
G39_W10	G39	10	CM	RBF	5	34	0
G39_W10	G39	11	CM	CPA	39	0	0
G39_W10	G39	12	CM	scGen	39	0	0
G39_W10	G39	13	CM	CellOT	39	0	0
G39_W10	G39	14	TW	NC	23	16	0
G39_W10	G39	15	TW	CM	35	4	0
G39_W10	G39	16	TW	PCA	0	0	39
G39_W10	G39	17	TW	RBF	9	30	0
G39_W10	G39	18	TW	CPA	39	0	0
G39_W10	G39	19	TW	scGen	39	0	0
G39_W10	G39	20	TW	CellOT	39	0	0
G39_W10	G39	21	PCA	NC	23	16	0
G39_W10	G39	22	PCA	CM	35	4	0
G39_W10	G39	23	PCA	TW	0	0	39
G39_W10	G39	24	PCA	RBF	9	30	0
G39_W10	G39	25	PCA	CPA	39	0	0
G39_W10	G39	26	PCA	scGen	39	0	0
G39_W10	G39	27	PCA	CellOT	39	0	0
G39_W10	G39	28	RBF	NC	23	16	0
G39_W10	G39	29	RBF	CM	34	5	0
G39_W10	G39	30	RBF	TW	30	9	0
G39_W10	G39	31	RBF	PCA	30	9	0
G39_W10	G39	32	RBF	CPA	39	0	0
G39_W10	G39	33	RBF	scGen	39	0	0
G39_W10	G39	34	RBF	CellOT	39	0	0
G39_W10	G39	35	CPA	NC	0	39	0
G39_W10	G39	36	CPA	CM	0	39	0
G39_W10	G39	37	CPA	TW	0	39	0
G39_W10	G39	38	CPA	PCA	0	39	0
G39_W10	G39	39	CPA	RBF	0	39	0
G39_W10	G39	40	CPA	scGen	0	39	0
G39_W10	G39	41	CPA	CellOT	0	39	0
G39_W10	G39	42	scGen	NC	0	39	0
G39_W10	G39	43	scGen	CM	0	39	0
G39_W10	G39	44	scGen	TW	0	39	0
G39_W10	G39	45	scGen	PCA	0	39	0
G39_W10	G39	46	scGen	RBF	0	39	0
G39_W10	G39	47	scGen	CPA	39	0	0
G39_W10	G39	48	scGen	CellOT	39	0	0
G39_W10	G39	49	CellOT	NC	0	39	0
G39_W10	G39	50	CellOT	CM	0	39	0
G39_W10	G39	51	CellOT	TW	0	39	0
G39_W10	G39	52	CellOT	PCA	0	39	0
G39_W10	G39	53	CellOT	RBF	0	39	0
G39_W10	G39	54	CellOT	CPA	39	0	0
G39_W10	G39	55	CellOT	scGen	0	39	0
