depth_per_gemgroup	model_a	model_b	pair_role	pattern	S_margin	margin	displacement	allocation_min_margin	allocation_max_margin	crossing_allocation_count	n_allocations	strict_crossing_after_task_and_allocation_means
8	additive	compositional_ridge	primary_state_pair	S	-0.00079123606492530001	-0.00079123606492530001	0	-0.00079123606492530001	-0.00079123606492530001	0	30	False
8	additive	compositional_ridge	primary_state_pair	M	-0.00079123606492530001	-0.00079123606492530001	0	-0.00079123606492530001	-0.00079123606492530001	0	30	False
8	additive	compositional_ridge	primary_state_pair	P	-0.00079123606492530001	-0.00079123606492530001	5.0885221961986346e-18	-0.00079123606492530001	-0.00079123606492520005	0	30	False
8	additive	compositional_ridge	primary_state_pair	O	-0.00079123606492530001	-0.00079123606492530001	5.0885221961986346e-18	-0.00079123606492530001	-0.00079123606492520005	0	30	False
8	additive	compositional_ridge	primary_state_pair	D	-0.00079123606492530001	-0.00079123606492530001	5.0885221961986346e-18	-0.00079123606492530001	-0.00079123606492520005	0	30	False
8	additive	CPA_0.8.8	primary_state_pair	S	0.068060344272809103	0.068060344272809103	0	0.061044231885944697	0.076492361297202993	0	30	False
8	additive	CPA_0.8.8	primary_state_pair	M	0.068060344272809103	0.068060344272809103	-4.6259292692714865e-19	0.061044231885944697	0.076492361297202993	0	30	False
8	additive	CPA_0.8.8	primary_state_pair	P	0.068060344272809103	0.071067311436716504	0.0030069671639073002	0.062699534421180994	0.079922815085100699	0	30	False
8	additive	CPA_0.8.8	primary_state_pair	O	0.068060344272809103	0.0650533771089018	-0.0030069671639073002	0.059062458363802202	0.073061907509305302	0	30	False
8	additive	CPA_0.8.8	primary_state_pair	D	0.068060344272809103	0.068060344272809103	2.0816681711721684e-18	0.061044231885944697	0.076492361297202993	0	30	False
8	additive	zero_effect	zero_effect_diagnostic	S	0.092013339724458396	0.092013339724458396	0	0.084753224603773394	0.1010089797950071	0	30	False
8	additive	zero_effect	zero_effect_diagnostic	M	0.092013339724458396	0.092013339724458396	-4.6259292692714865e-19	0.084753224603773394	0.1010089797950072	0	30	False
8	additive	zero_effect	zero_effect_diagnostic	P	0.092013339724458396	0.061242243142913599	-0.030771096581544699	0.054533519123939403	0.069449224523376998	0	30	False
8	additive	zero_effect	zero_effect_diagnostic	O	0.092013339724458396	0.061242243142913599	-0.030771096581544699	0.054533519123939403	0.069449224523376998	0	30	False
8	additive	zero_effect	zero_effect_diagnostic	D	0.092013339724458396	0.061242243142913599	-0.030771096581544699	0.054533519123939403	0.069449224523376998	0	30	False
8	compositional_ridge	CPA_0.8.8	primary_state_pair	S	0.068851580337734405	0.068851580337734405	0	0.061835467950869999	0.077283597362128295	0	30	False
8	compositional_ridge	CPA_0.8.8	primary_state_pair	M	0.068851580337734405	0.068851580337734503	1.3877787807814459e-18	0.061835467950869999	0.077283597362128295	0	30	False
8	compositional_ridge	CPA_0.8.8	primary_state_pair	P	0.068851580337734405	0.071858547501641806	0.0030069671639073002	0.063490770486106393	0.080714051150026001	0	30	False
8	compositional_ridge	CPA_0.8.8	primary_state_pair	O	0.068851580337734405	0.065844613173827102	-0.0030069671639073002	0.059853694428727497	0.073853143574230604	0	30	False
8	compositional_ridge	CPA_0.8.8	primary_state_pair	D	0.068851580337734405	0.068851580337734405	-1.61907524424502e-18	0.061835467950870103	0.077283597362128295	0	30	False
8	compositional_ridge	zero_effect	zero_effect_diagnostic	S	0.092804575789383698	0.092804575789383698	0	0.085544460668698696	0.1018002158599324	0	30	False
8	compositional_ridge	zero_effect	zero_effect_diagnostic	M	0.092804575789383698	0.092804575789383698	9.251858538542973e-19	0.085544460668698696	0.1018002158599325	0	30	False
8	compositional_ridge	zero_effect	zero_effect_diagnostic	P	0.092804575789383698	0.062033479207838901	-0.030771096581544699	0.055324755188864698	0.0702404605883023	0	30	False
8	compositional_ridge	zero_effect	zero_effect_diagnostic	O	0.092804575789383698	0.062033479207838901	-0.030771096581544699	0.055324755188864698	0.0702404605883023	0	30	False
8	compositional_ridge	zero_effect	zero_effect_diagnostic	D	0.092804575789383698	0.062033479207838901	-0.030771096581544699	0.055324755188864698	0.0702404605883023	0	30	False
8	CPA_0.8.8	zero_effect	zero_effect_diagnostic	S	0.023952995451649198	0.023952995451649198	0	0.022768714970394701	0.025125756507819501	0	30	False
8	CPA_0.8.8	zero_effect	zero_effect_diagnostic	M	0.023952995451649198	0.023952995451649198	0	0.022768714970394701	0.025125756507819501	0	30	False
8	CPA_0.8.8	zero_effect	zero_effect_diagnostic	P	0.023952995451649198	-0.0098250682938028008	-0.0337780637454521	-0.016312776472493001	-0.0073209232707474002	30	30	True
8	CPA_0.8.8	zero_effect	zero_effect_diagnostic	O	0.023952995451649198	-0.0038111339659880998	-0.027764129417637302	-0.0051601575792311	-0.0027115651341894	30	30	True
8	CPA_0.8.8	zero_effect	zero_effect_diagnostic	D	0.023952995451649198	-0.0068181011298954998	-0.030771096581544699	-0.0102387416056181	-0.0055190011169578002	30	30	True
16	additive	compositional_ridge	primary_state_pair	S	-0.00079123606492530001	-0.00079123606492530001	0	-0.00079123606492530001	-0.00079123606492530001	0	30	False
16	additive	compositional_ridge	primary_state_pair	M	-0.00079123606492530001	-0.00079123606492530001	0	-0.00079123606492530001	-0.00079123606492530001	0	30	False
16	additive	compositional_ridge	primary_state_pair	P	-0.00079123606492530001	-0.00079123606492530001	7.1701903673708034e-18	-0.00079123606492530001	-0.00079123606492520005	0	30	False
16	additive	compositional_ridge	primary_state_pair	O	-0.00079123606492530001	-0.00079123606492530001	7.1701903673708034e-18	-0.00079123606492530001	-0.00079123606492520005	0	30	False
16	additive	compositional_ridge	primary_state_pair	D	-0.00079123606492530001	-0.00079123606492530001	7.1701903673708034e-18	-0.00079123606492530001	-0.00079123606492520005	0	30	False
16	additive	CPA_0.8.8	primary_state_pair	S	0.067536682388688096	0.067536682388688096	0	0.062803747592576301	0.074901905630682705	0	30	False
16	additive	CPA_0.8.8	primary_state_pair	M	0.067536682388688096	0.067536682388688096	-2.7755575615628919e-18	0.062803747592576301	0.074901905630682705	0	30	False
16	additive	CPA_0.8.8	primary_state_pair	P	0.067536682388688096	0.069017376827864907	0.0014806944391768	0.063897287543994999	0.076118646086237696	0	30	False
16	additive	CPA_0.8.8	primary_state_pair	O	0.067536682388688096	0.066055987949511202	-0.0014806944391768	0.061231685565305997	0.073685165175127798	0	30	False
16	additive	CPA_0.8.8	primary_state_pair	D	0.067536682388688096	0.067536682388688096	2.7755575615628919e-18	0.062803747592576301	0.074901905630682705	0	30	False
16	additive	zero_effect	zero_effect_diagnostic	S	0.084570201897073205	0.084570201897073205	0	0.080059847633886294	0.092178635397181505	0	30	False
16	additive	zero_effect	zero_effect_diagnostic	M	0.084570201897073205	0.084570201897073205	-9.251858538542973e-19	0.080059847633886294	0.092178635397181505	0	30	False
16	additive	zero_effect	zero_effect_diagnostic	P	0.084570201897073205	0.069229379200955496	-0.0153408226961176	0.063954095255437798	0.077391511127802001	0	30	False
16	additive	zero_effect	zero_effect_diagnostic	O	0.084570201897073205	0.069229379200955496	-0.0153408226961176	0.063954095255437798	0.077391511127802001	0	30	False
16	additive	zero_effect	zero_effect_diagnostic	D	0.084570201897073205	0.069229379200955496	-0.0153408226961176	0.063954095255437798	0.077391511127802001	0	30	False
16	compositional_ridge	CPA_0.8.8	primary_state_pair	S	0.068327918453613398	0.068327918453613398	0	0.063594983657501603	0.075693141695608104	0	30	False
16	compositional_ridge	CPA_0.8.8	primary_state_pair	M	0.068327918453613398	0.068327918453613398	-9.251858538542973e-19	0.063594983657501603	0.075693141695607993	0	30	False
16	compositional_ridge	CPA_0.8.8	primary_state_pair	P	0.068327918453613398	0.069808612892790195	0.0014806944391768	0.064688523608920301	0.076909882151163095	0	30	False
16	compositional_ridge	CPA_0.8.8	primary_state_pair	O	0.068327918453613398	0.066847224014436601	-0.0014806944391768	0.062022921630231299	0.0744764012400531	0	30	False
16	compositional_ridge	CPA_0.8.8	primary_state_pair	D	0.068327918453613398	0.068327918453613398	-6.0137080500529322e-18	0.063594983657501603	0.075693141695607993	0	30	False
16	compositional_ridge	zero_effect	zero_effect_diagnostic	S	0.085361437961998493	0.085361437961998493	0	0.080851083698811596	0.092969871462106807	0	30	False
16	compositional_ridge	zero_effect	zero_effect_diagnostic	M	0.085361437961998493	0.085361437961998493	0	0.080851083698811596	0.092969871462106807	0	30	False
16	compositional_ridge	zero_effect	zero_effect_diagnostic	P	0.085361437961998493	0.070020615265880895	-0.0153408226961176	0.0647453313203631	0.078182747192727303	0	30	False
16	compositional_ridge	zero_effect	zero_effect_diagnostic	O	0.085361437961998493	0.070020615265880895	-0.0153408226961176	0.0647453313203631	0.078182747192727303	0	30	False
16	compositional_ridge	zero_effect	zero_effect_diagnostic	D	0.085361437961998493	0.070020615265880895	-0.0153408226961176	0.0647453313203631	0.078182747192727303	0	30	False
16	CPA_0.8.8	zero_effect	zero_effect_diagnostic	S	0.017033519508385001	0.017033519508385001	0	0.0162104607971068	0.017698556274829299	0	30	False
16	CPA_0.8.8	zero_effect	zero_effect_diagnostic	M	0.017033519508385001	0.017033519508385098	1.8503717077085946e-18	0.0162104607971068	0.0176985562748294	0	30	False
16	CPA_0.8.8	zero_effect	zero_effect_diagnostic	P	0.017033519508385001	0.00021200237309060001	-0.016821517135294398	-0.0017653484768229001	0.0025263650128372001	14	30	False
16	CPA_0.8.8	zero_effect	zero_effect_diagnostic	O	0.017033519508385001	0.0031733912514441999	-0.0138601282569408	0.0018520912702192	0.003831035177686	0	30	False
16	CPA_0.8.8	zero_effect	zero_effect_diagnostic	D	0.017033519508385001	0.0016926968122674001	-0.0153408226961176	0.0006203745434651	0.0030575052439288002	0	30	False
32	additive	compositional_ridge	primary_state_pair	S	-0.00079123606492530001	-0.00079123606492530001	0	-0.00079123606492530001	-0.00079123606492530001	0	30	False
32	additive	compositional_ridge	primary_state_pair	M	-0.00079123606492530001	-0.00079123606492530001	0	-0.00079123606492530001	-0.00079123606492530001	0	30	False
32	additive	compositional_ridge	primary_state_pair	P	-0.00079123606492530001	-0.00079123606492530001	6.9388939039072297e-19	-0.00079123606492530001	-0.00079123606492520005	0	30	False
32	additive	compositional_ridge	primary_state_pair	O	-0.00079123606492530001	-0.00079123606492530001	6.9388939039072297e-19	-0.00079123606492530001	-0.00079123606492520005	0	30	False
32	additive	compositional_ridge	primary_state_pair	D	-0.00079123606492530001	-0.00079123606492530001	6.9388939039072297e-19	-0.00079123606492530001	-0.00079123606492520005	0	30	False
32	additive	CPA_0.8.8	primary_state_pair	S	0.0665507712677611	0.0665507712677611	0	0.062484962629114599	0.070371199142246599	0	30	False
32	additive	CPA_0.8.8	primary_state_pair	M	0.0665507712677611	0.0665507712677611	-1.8503717077085946e-18	0.062484962629114599	0.070371199142246599	0	30	False
32	additive	CPA_0.8.8	primary_state_pair	P	0.0665507712677611	0.067313228172529702	0.0007624569047686	0.063909352973836403	0.071023536657474795	0	30	False
32	additive	CPA_0.8.8	primary_state_pair	O	0.0665507712677611	0.065788314362992498	-0.0007624569047686	0.061060572284392697	0.0697188616270185	0	30	False
32	additive	CPA_0.8.8	primary_state_pair	D	0.0665507712677611	0.0665507712677611	1.1333526709715139e-17	0.062484962629114599	0.070371199142246696	0	30	False
32	additive	zero_effect	zero_effect_diagnostic	S	0.080126586780323403	0.080126586780323403	0	0.075892582128381403	0.0840449828739573	0	30	False
32	additive	zero_effect	zero_effect_diagnostic	M	0.080126586780323403	0.080126586780323403	0	0.075892582128381403	0.0840449828739573	0	30	False
32	additive	zero_effect	zero_effect_diagnostic	P	0.080126586780323403	0.0723925762173388	-0.0077340105629844997	0.067524104410702293	0.076624260442521505	0	30	False
32	additive	zero_effect	zero_effect_diagnostic	O	0.080126586780323403	0.0723925762173388	-0.0077340105629844997	0.067524104410702293	0.076624260442521505	0	30	False
32	additive	zero_effect	zero_effect_diagnostic	D	0.080126586780323403	0.0723925762173388	-0.0077340105629844997	0.067524104410702293	0.076624260442521505	0	30	False
32	compositional_ridge	CPA_0.8.8	primary_state_pair	S	0.067342007332686402	0.067342007332686402	0	0.063276198694039901	0.071162435207171901	0	30	False
32	compositional_ridge	CPA_0.8.8	primary_state_pair	M	0.067342007332686402	0.067342007332686402	-1.8503717077085946e-18	0.063276198694039901	0.071162435207171901	0	30	False
32	compositional_ridge	CPA_0.8.8	primary_state_pair	P	0.067342007332686402	0.068104464237455004	0.0007624569047686	0.064700589038761705	0.071814772722400097	0	30	False
32	compositional_ridge	CPA_0.8.8	primary_state_pair	O	0.067342007332686402	0.0665795504279178	-0.0007624569047686	0.061851808349318103	0.070510097691943802	0	30	False
32	compositional_ridge	CPA_0.8.8	primary_state_pair	D	0.067342007332686402	0.067342007332686402	1.1102230246251566e-17	0.063276198694039901	0.071162435207171998	0	30	False
32	compositional_ridge	zero_effect	zero_effect_diagnostic	S	0.080917822845248705	0.080917822845248705	0	0.076683818193306705	0.084836218938882602	0	30	False
32	compositional_ridge	zero_effect	zero_effect_diagnostic	M	0.080917822845248705	0.080917822845248705	9.251858538542973e-19	0.076683818193306705	0.084836218938882602	0	30	False
32	compositional_ridge	zero_effect	zero_effect_diagnostic	P	0.080917822845248705	0.073183812282264102	-0.0077340105629844997	0.068315340475627595	0.077415496507446793	0	30	False
32	compositional_ridge	zero_effect	zero_effect_diagnostic	O	0.080917822845248705	0.073183812282264102	-0.0077340105629844997	0.068315340475627595	0.077415496507446793	0	30	False
32	compositional_ridge	zero_effect	zero_effect_diagnostic	D	0.080917822845248705	0.073183812282264102	-0.0077340105629844997	0.068315340475627595	0.077415496507446793	0	30	False
32	CPA_0.8.8	zero_effect	zero_effect_diagnostic	S	0.0135758155125623	0.0135758155125623	0	0.0130790787958108	0.014127581668529	0	30	False
32	CPA_0.8.8	zero_effect	zero_effect_diagnostic	M	0.0135758155125623	0.0135758155125623	1.8503717077085946e-18	0.0130790787958108	0.014127581668529	0	30	False
32	CPA_0.8.8	zero_effect	zero_effect_diagnostic	P	0.0135758155125623	0.0050793480448091	-0.0084964674677531007	0.0035774423714504998	0.0063523930605050996	0	30	False
32	CPA_0.8.8	zero_effect	zero_effect_diagnostic	O	0.0135758155125623	0.0066042618543462996	-0.0069715536582159003	0.0059928529017620998	0.0073637798662646	0	30	False
32	CPA_0.8.8	zero_effect	zero_effect_diagnostic	D	0.0135758155125623	0.0058418049495777002	-0.0077340105629844997	0.0049493057584876002	0.0068580864633848004	0	30	False
64	additive	compositional_ridge	primary_state_pair	S	-0.00079123606492530001	-0.00079123606492530001	0	-0.00079123606492530001	-0.00079123606492530001	0	30	False
64	additive	compositional_ridge	primary_state_pair	M	-0.00079123606492530001	-0.00079123606492530001	0	-0.00079123606492530001	-0.00079123606492530001	0	30	False
64	additive	compositional_ridge	primary_state_pair	P	-0.00079123606492530001	-0.00079123606492530001	5.2041704279304213e-18	-0.00079123606492530001	-0.00079123606492530001	0	30	False
64	additive	compositional_ridge	primary_state_pair	O	-0.00079123606492530001	-0.00079123606492530001	5.2041704279304213e-18	-0.00079123606492530001	-0.00079123606492530001	0	30	False
64	additive	compositional_ridge	primary_state_pair	D	-0.00079123606492530001	-0.00079123606492530001	5.2041704279304213e-18	-0.00079123606492530001	-0.00079123606492530001	0	30	False
64	additive	CPA_0.8.8	primary_state_pair	S	0.066171291801741902	0.066171291801741902	0	0.064562818830079902	0.069735052609135595	0	30	False
64	additive	CPA_0.8.8	primary_state_pair	M	0.066171291801741902	0.066171291801741902	-4.6259292692714865e-19	0.064562818830079902	0.069735052609135595	0	30	False
64	additive	CPA_0.8.8	primary_state_pair	P	0.066171291801741902	0.066525145304168101	0.00035385350242610002	0.064879464892744904	0.070015933631858596	0	30	False
64	additive	CPA_0.8.8	primary_state_pair	O	0.066171291801741902	0.065817438299315703	-0.00035385350242610002	0.064145966223589604	0.069454171586412594	0	30	False
64	additive	CPA_0.8.8	primary_state_pair	D	0.066171291801741902	0.066171291801741902	4.1633363423443369e-18	0.064562818830079902	0.069735052609135595	0	30	False
64	additive	zero_effect	zero_effect_diagnostic	S	0.077970502844539005	0.077970502844539005	0	0.076326180114698106	0.081707923412529498	0	30	False
64	additive	zero_effect	zero_effect_diagnostic	M	0.077970502844539005	0.077970502844538894	-2.7755575615628919e-18	0.076326180114698106	0.081707923412529498	0	30	False
64	additive	zero_effect	zero_effect_diagnostic	P	0.077970502844539005	0.074131507260136204	-0.0038389955844026998	0.072266868055058095	0.078065548206039198	0	30	False
64	additive	zero_effect	zero_effect_diagnostic	O	0.077970502844539005	0.074131507260136204	-0.0038389955844026998	0.072266868055058095	0.078065548206039198	0	30	False
64	additive	zero_effect	zero_effect_diagnostic	D	0.077970502844539005	0.074131507260136204	-0.0038389955844026998	0.072266868055058095	0.078065548206039198	0	30	False
64	compositional_ridge	CPA_0.8.8	primary_state_pair	S	0.066962527866667204	0.066962527866667204	0	0.065354054895005204	0.070526288674060897	0	30	False
64	compositional_ridge	CPA_0.8.8	primary_state_pair	M	0.066962527866667204	0.066962527866667204	9.251858538542973e-19	0.065354054895005204	0.070526288674060897	0	30	False
64	compositional_ridge	CPA_0.8.8	primary_state_pair	P	0.066962527866667204	0.067316381369093403	0.00035385350242610002	0.065670700957670206	0.070807169696783995	0	30	False
64	compositional_ridge	CPA_0.8.8	primary_state_pair	O	0.066962527866667204	0.066608674364241102	-0.00035385350242610002	0.064937202288514906	0.070245407651337896	0	30	False
64	compositional_ridge	CPA_0.8.8	primary_state_pair	D	0.066962527866667204	0.066962527866667204	-9.251858538542973e-19	0.065354054895005204	0.070526288674060897	0	30	False
64	compositional_ridge	zero_effect	zero_effect_diagnostic	S	0.078761738909464293	0.078761738909464293	0	0.077117416179623505	0.0824991594774548	0	30	False
64	compositional_ridge	zero_effect	zero_effect_diagnostic	M	0.078761738909464293	0.078761738909464293	-1.8503717077085946e-18	0.077117416179623394	0.0824991594774548	0	30	False
64	compositional_ridge	zero_effect	zero_effect_diagnostic	P	0.078761738909464293	0.074922743325061603	-0.0038389955844026998	0.073058104119983494	0.078856784270964597	0	30	False
64	compositional_ridge	zero_effect	zero_effect_diagnostic	O	0.078761738909464293	0.074922743325061603	-0.0038389955844026998	0.073058104119983494	0.078856784270964597	0	30	False
64	compositional_ridge	zero_effect	zero_effect_diagnostic	D	0.078761738909464293	0.074922743325061603	-0.0038389955844026998	0.073058104119983494	0.078856784270964597	0	30	False
64	CPA_0.8.8	zero_effect	zero_effect_diagnostic	S	0.011799211042797001	0.011799211042797001	0	0.0115700418416964	0.012143744494670899	0	30	False
64	CPA_0.8.8	zero_effect	zero_effect_diagnostic	M	0.011799211042797001	0.011799211042797001	-2.312964634635743e-18	0.0115700418416964	0.012143744494670899	0	30	False
64	CPA_0.8.8	zero_effect	zero_effect_diagnostic	P	0.011799211042797001	0.0076063619559680997	-0.0041928490868289002	0.0069663159174234001	0.0084461936670614003	0	30	False
64	CPA_0.8.8	zero_effect	zero_effect_diagnostic	O	0.011799211042797001	0.0083140689608203998	-0.0034851420819764999	0.0080208182528568005	0.0087042663696266995	0	30	False
64	CPA_0.8.8	zero_effect	zero_effect_diagnostic	D	0.011799211042797001	0.0079602154583942996	-0.0038389955844026998	0.0075608826188621001	0.0085546582761229992	0	30	False
128	additive	compositional_ridge	primary_state_pair	S	-0.00079123606492530001	-0.00079123606492530001	0	-0.00079123606492530001	-0.00079123606492530001	0	30	False
128	additive	compositional_ridge	primary_state_pair	M	-0.00079123606492530001	-0.00079123606492530001	0	-0.00079123606492530001	-0.00079123606492530001	0	30	False
128	additive	compositional_ridge	primary_state_pair	P	-0.00079123606492530001	-0.00079123606492530001	5.898059818321144e-18	-0.00079123606492530001	-0.00079123606492530001	0	30	False
128	additive	compositional_ridge	primary_state_pair	O	-0.00079123606492530001	-0.00079123606492530001	5.898059818321144e-18	-0.00079123606492530001	-0.00079123606492530001	0	30	False
128	additive	compositional_ridge	primary_state_pair	D	-0.00079123606492530001	-0.00079123606492530001	5.898059818321144e-18	-0.00079123606492530001	-0.00079123606492530001	0	30	False
128	additive	CPA_0.8.8	primary_state_pair	S	0.066221335503751505	0.066221335503751505	0	0.065139564554868398	0.067149769264500503	0	30	False
128	additive	CPA_0.8.8	primary_state_pair	M	0.066221335503751505	0.066221335503751505	4.6259292692714865e-19	0.065139564554868398	0.067149769264500503	0	30	False
128	additive	CPA_0.8.8	primary_state_pair	P	0.066221335503751505	0.066398792134767695	0.00017745663101610001	0.065344004382162202	0.067357429710122693	0	30	False
128	additive	CPA_0.8.8	primary_state_pair	O	0.066221335503751505	0.066043878872735301	-0.00017745663101610001	0.064935124727574595	0.066942108818878202	0	30	False
128	additive	CPA_0.8.8	primary_state_pair	D	0.066221335503751505	0.066221335503751505	-1.3877787807814459e-18	0.065139564554868398	0.067149769264500406	0	30	False
128	additive	zero_effect	zero_effect_diagnostic	S	0.077177770917806698	0.077177770917806698	0	0.076069288846812799	0.078132026589834397	0	30	False
128	additive	zero_effect	zero_effect_diagnostic	M	0.077177770917806698	0.077177770917806698	4.6259292692714865e-19	0.076069288846812799	0.078132026589834397	0	30	False
128	additive	zero_effect	zero_effect_diagnostic	P	0.077177770917806698	0.0752603732586134	-0.0019173976591932999	0.074141709197127495	0.076249349955234996	0	30	False
128	additive	zero_effect	zero_effect_diagnostic	O	0.077177770917806698	0.0752603732586134	-0.0019173976591932999	0.074141709197127495	0.076249349955234996	0	30	False
128	additive	zero_effect	zero_effect_diagnostic	D	0.077177770917806698	0.0752603732586134	-0.0019173976591932999	0.074141709197127495	0.076249349955234996	0	30	False
128	compositional_ridge	CPA_0.8.8	primary_state_pair	S	0.067012571568676793	0.067012571568676793	0	0.0659308006197937	0.067941005329425805	0	30	False
128	compositional_ridge	CPA_0.8.8	primary_state_pair	M	0.067012571568676793	0.067012571568676793	9.251858538542973e-19	0.0659308006197937	0.067941005329425805	0	30	False
128	compositional_ridge	CPA_0.8.8	primary_state_pair	P	0.067012571568676793	0.067190028199692997	0.00017745663101610001	0.066135240447087504	0.068148665775047995	0	30	False
128	compositional_ridge	CPA_0.8.8	primary_state_pair	O	0.067012571568676793	0.066835114937660603	-0.00017745663101610001	0.065726360792499897	0.067733344883803503	0	30	False
128	compositional_ridge	CPA_0.8.8	primary_state_pair	D	0.067012571568676793	0.067012571568676793	-6.9388939039072284e-18	0.0659308006197937	0.067941005329425805	0	30	False
128	compositional_ridge	zero_effect	zero_effect_diagnostic	S	0.077969006982732	0.077969006982732	0	0.076860524911738198	0.078923262654759699	0	30	False
128	compositional_ridge	zero_effect	zero_effect_diagnostic	M	0.077969006982732	0.077969006982732	-9.251858538542973e-19	0.076860524911738198	0.078923262654759699	0	30	False
128	compositional_ridge	zero_effect	zero_effect_diagnostic	P	0.077969006982732	0.076051609323538702	-0.0019173976591932999	0.074932945262052797	0.077040586020160298	0	30	False
128	compositional_ridge	zero_effect	zero_effect_diagnostic	O	0.077969006982732	0.076051609323538702	-0.0019173976591932999	0.074932945262052797	0.077040586020160298	0	30	False
128	compositional_ridge	zero_effect	zero_effect_diagnostic	D	0.077969006982732	0.076051609323538702	-0.0019173976591932999	0.074932945262052797	0.077040586020160298	0	30	False
128	CPA_0.8.8	zero_effect	zero_effect_diagnostic	S	0.0109564354140551	0.0109564354140551	0	0.0108078374775177	0.011085280781630701	0	30	False
128	CPA_0.8.8	zero_effect	zero_effect_diagnostic	M	0.0109564354140551	0.0109564354140551	0	0.0108078374775177	0.0110852807816306	0	30	False
128	CPA_0.8.8	zero_effect	zero_effect_diagnostic	P	0.0109564354140551	0.0088615811238456008	-0.0020948542902094001	0.0084001590746379008	0.0090795252849017998	0	30	False
128	CPA_0.8.8	zero_effect	zero_effect_diagnostic	O	0.0109564354140551	0.0092164943858780001	-0.0017399410281771	0.0091006919982934992	0.0093368523551960996	0	30	False
128	CPA_0.8.8	zero_effect	zero_effect_diagnostic	D	0.0109564354140551	0.0090390377548617996	-0.0019173976591932999	0.0087897844752525996	0.0091968064264498998	0	30	False
135	additive	compositional_ridge	primary_state_pair	S	-0.00079123606492530001	-0.00079123606492530001	0	-0.00079123606492530001	-0.00079123606492530001	0	30	False
135	additive	compositional_ridge	primary_state_pair	M	-0.00079123606492530001	-0.00079123606492530001	0	-0.00079123606492530001	-0.00079123606492530001	0	30	False
135	additive	compositional_ridge	primary_state_pair	P	-0.00079123606492530001	-0.00079123606492530001	6.9388939039072284e-18	-0.00079123606492530001	-0.00079123606492530001	0	30	False
135	additive	compositional_ridge	primary_state_pair	O	-0.00079123606492530001	-0.00079123606492530001	6.9388939039072284e-18	-0.00079123606492530001	-0.00079123606492530001	0	30	False
135	additive	compositional_ridge	primary_state_pair	D	-0.00079123606492530001	-0.00079123606492530001	6.9388939039072284e-18	-0.00079123606492530001	-0.00079123606492530001	0	30	False
135	additive	CPA_0.8.8	primary_state_pair	S	0.066112472644269699	0.066112472644269699	0	0.065454165339044704	0.066685953085863697	0	30	False
135	additive	CPA_0.8.8	primary_state_pair	M	0.066112472644269699	0.066112472644269699	-9.251858538542973e-19	0.065454165339044607	0.066685953085863697	0	30	False
135	additive	CPA_0.8.8	primary_state_pair	P	0.066112472644269699	0.066284015110453606	0.00017154246618380001	0.065583691523315099	0.066959852029548905	0	30	False
135	additive	CPA_0.8.8	primary_state_pair	O	0.066112472644269699	0.065940930178085805	-0.00017154246618380001	0.065229747619331396	0.066454836991649405	0	30	False
135	additive	CPA_0.8.8	primary_state_pair	D	0.066112472644269699	0.066112472644269699	5.0885221961986346e-18	0.065454165339044607	0.066685953085863697	0	30	False
135	additive	zero_effect	zero_effect_diagnostic	S	0.077016523379372398	0.077016523379372398	0	0.076372755275457005	0.077582116887114	0	30	False
135	additive	zero_effect	zero_effect_diagnostic	M	0.077016523379372398	0.077016523379372398	-2.312964634635743e-18	0.076372755275457005	0.077582116887114	0	30	False
135	additive	zero_effect	zero_effect_diagnostic	P	0.077016523379372398	0.075195028657132901	-0.0018214947222395001	0.074517144406278504	0.0757604791470112	0	30	False
135	additive	zero_effect	zero_effect_diagnostic	O	0.077016523379372398	0.075195028657132901	-0.0018214947222395001	0.074517144406278504	0.0757604791470112	0	30	False
135	additive	zero_effect	zero_effect_diagnostic	D	0.077016523379372398	0.075195028657132901	-0.0018214947222395001	0.074517144406278504	0.0757604791470112	0	30	False
135	compositional_ridge	CPA_0.8.8	primary_state_pair	S	0.066903708709195001	0.066903708709195001	0	0.066245401403970006	0.067477189150788999	0	30	False
135	compositional_ridge	CPA_0.8.8	primary_state_pair	M	0.066903708709195001	0.066903708709195001	0	0.066245401403970006	0.067477189150788999	0	30	False
135	compositional_ridge	CPA_0.8.8	primary_state_pair	P	0.066903708709195001	0.067075251175378894	0.00017154246618380001	0.066374927588240401	0.067751088094474193	0	30	False
135	compositional_ridge	CPA_0.8.8	primary_state_pair	O	0.066903708709195001	0.066732166243011107	-0.00017154246618380001	0.066020983684256698	0.067246073056574804	0	30	False
135	compositional_ridge	CPA_0.8.8	primary_state_pair	D	0.066903708709195001	0.066903708709195001	1.3877787807814459e-18	0.066245401403969895	0.067477189150788999	0	30	False
135	compositional_ridge	zero_effect	zero_effect_diagnostic	S	0.077807759444297797	0.077807759444297797	0	0.077163991340382307	0.078373352952039302	0	30	False
135	compositional_ridge	zero_effect	zero_effect_diagnostic	M	0.077807759444297797	0.077807759444297797	-2.7755575615628919e-18	0.077163991340382307	0.078373352952039302	0	30	False
135	compositional_ridge	zero_effect	zero_effect_diagnostic	P	0.077807759444297797	0.075986264722058203	-0.0018214947222395001	0.075308380471203806	0.076551715211936502	0	30	False
135	compositional_ridge	zero_effect	zero_effect_diagnostic	O	0.077807759444297797	0.075986264722058203	-0.0018214947222395001	0.075308380471203806	0.076551715211936502	0	30	False
135	compositional_ridge	zero_effect	zero_effect_diagnostic	D	0.077807759444297797	0.075986264722058203	-0.0018214947222395001	0.075308380471203806	0.076551715211936502	0	30	False
135	CPA_0.8.8	zero_effect	zero_effect_diagnostic	S	0.010904050735102699	0.010904050735102699	0	0.0107985739386638	0.0110002159651392	0	30	False
135	CPA_0.8.8	zero_effect	zero_effect_diagnostic	M	0.010904050735102699	0.010904050735102699	-1.3877787807814459e-18	0.010798573938663699	0.0110002159651392	0	30	False
135	CPA_0.8.8	zero_effect	zero_effect_diagnostic	P	0.010904050735102699	0.0089110135466792997	-0.0019930371884234002	0.0085326900809890999	0.0091321924957918996	0	30	False
135	CPA_0.8.8	zero_effect	zero_effect_diagnostic	O	0.010904050735102699	0.0092540984790470005	-0.0016499522560556	0.0091390293421869002	0.0093365481866768997	0	30	False
135	CPA_0.8.8	zero_effect	zero_effect_diagnostic	D	0.010904050735102699	0.0090825560128630998	-0.0018214947222395001	0.0088892798869428004	0.0092196724941562992	0	30	False
