realization_id	root_id	root_index	construction	pca64_mean_standardized_mse	scgen_mean_standardized_mse	pca64_mean_utility	scgen_mean_utility	pca64_minus_scgen
q1	R41	0	shared	0.16945803099628259	0.13130883518192685	-0.16945803099628259	-0.13130883518192685	-0.038149195814355746
q1	R42	1	shared	0.15382503158746791	0.11919394939850028	-0.15382503158746791	-0.11919394939850028	-0.034631082188967627
q1	R43	2	shared	0.14774121462970718	0.11207937691208363	-0.14774121462970718	-0.11207937691208363	-0.03566183771762356
q1	R44	3	shared	0.15373979712138211	0.11672523257484906	-0.15373979712138211	-0.11672523257484906	-0.037014564546533055
q1	R45	4	shared	0.15403217075315662	0.11712884677841269	-0.15403217075315662	-0.11712884677841269	-0.036903323974743926
q1	R46	5	shared	0.1597461600883649	0.12383726225741649	-0.1597461600883649	-0.12383726225741649	-0.035908897830948402
q1	R47	6	shared	0.1946129169989875	0.18045425139022325	-0.1946129169989875	-0.18045425139022325	-0.014158665608764248
q1	R48	7	shared	0.16536433997359828	0.12579947727430688	-0.16536433997359828	-0.12579947727430688	-0.039564862699291409
q1	R41	0	split	0.24843211357493072	0.37343010313255331	-0.24843211357493072	-0.37343010313255331	0.12499798955762259
q1	R42	1	split	0.23584725845448845	0.34438341861842015	-0.23584725845448845	-0.34438341861842015	0.10853616016393169
q1	R43	2	split	0.21850504802052567	0.33160213175937836	-0.21850504802052567	-0.33160213175937836	0.11309708373885269
q1	R44	3	split	0.227459011696476	0.33163555904792358	-0.227459011696476	-0.33163555904792358	0.10417654735144757
q1	R45	4	split	0.23377569566011025	0.35563588153662062	-0.23377569566011025	-0.35563588153662062	0.12186018587651037
q1	R46	5	split	0.24182021700412831	0.36126972481341235	-0.24182021700412831	-0.36126972481341235	0.11944950780928404
q1	R47	6	split	0.28530535091234288	0.43842467118645995	-0.28530535091234288	-0.43842467118645995	0.15311932027411707
q1	R48	7	split	0.24791674256567423	0.36522801910862518	-0.24791674256567423	-0.36522801910862518	0.11731127654295095
q1	R41	0	rotation	0.25119769092008842	0.38478023311939408	-0.25119769092008842	-0.38478023311939408	0.13358254219930565
q1	R42	1	rotation	0.22796301815701153	0.34353083565036802	-0.22796301815701153	-0.34353083565036802	0.11556781749335648
q1	R43	2	rotation	0.22043031882524183	0.33373361943786439	-0.22043031882524183	-0.33373361943786439	0.11330330061262256
q1	R44	3	rotation	0.2279507362516652	0.34231061229946258	-0.2279507362516652	-0.34231061229946258	0.11435987604779738
q1	R45	4	rotation	0.22831354583291086	0.34382103664336161	-0.22831354583291086	-0.34382103664336161	0.11550749081045075
q1	R46	5	rotation	0.2389618684805494	0.36308325960709598	-0.2389618684805494	-0.36308325960709598	0.12412139112654658
q1	R47	6	rotation	0.28058487481755556	0.43959445923923807	-0.28058487481755556	-0.43959445923923807	0.1590095844216825
q1	R48	7	rotation	0.24453295507075867	0.36640720765731549	-0.24453295507075867	-0.36640720765731549	0.12187425258655682
q2	R41	0	shared	0.16945803099628259	0.13442735218230198	-0.16945803099628259	-0.13442735218230198	-0.035030678813980615
q2	R42	1	shared	0.15382503158746791	0.12162136138133747	-0.15382503158746791	-0.12162136138133747	-0.032203670206130436
q2	R43	2	shared	0.14774121462970718	0.11565271705947085	-0.14774121462970718	-0.11565271705947085	-0.032088497570236338
q2	R44	3	shared	0.15373979712138211	0.11775097909532932	-0.15373979712138211	-0.11775097909532932	-0.035988818026052791
q2	R45	4	shared	0.15403217075315662	0.11794647271699432	-0.15403217075315662	-0.11794647271699432	-0.036085698036162295
q2	R46	5	shared	0.1597461600883649	0.1258581945369667	-0.1597461600883649	-0.1258581945369667	-0.033887965551398197
q2	R47	6	shared	0.1946129169989875	0.17460512169856129	-0.1946129169989875	-0.17460512169856129	-0.020007795300426207
q2	R48	7	shared	0.16536433997359828	0.12719842433065776	-0.16536433997359828	-0.12719842433065776	-0.038165915642940529
q2	R41	0	split	0.24843211357493072	0.37468757018489862	-0.24843211357493072	-0.37468757018489862	0.1262554566099679
q2	R42	1	split	0.23584725845448845	0.35142311103016277	-0.23584725845448845	-0.35142311103016277	0.11557585257567432
q2	R43	2	split	0.21850504802052567	0.33667466057094952	-0.21850504802052567	-0.33667466057094952	0.11816961255042385
q2	R44	3	split	0.227459011696476	0.33169479688023396	-0.227459011696476	-0.33169479688023396	0.10423578518375795
q2	R45	4	split	0.23377569566011025	0.35222151842408295	-0.23377569566011025	-0.35222151842408295	0.1184458227639727
q2	R46	5	split	0.24182021700412831	0.36343326624327499	-0.24182021700412831	-0.36343326624327499	0.12161304923914668
q2	R47	6	split	0.28530535091234288	0.43286173787561111	-0.28530535091234288	-0.43286173787561111	0.14755638696326823
q2	R48	7	split	0.24791674256567423	0.36892884216794031	-0.24791674256567423	-0.36892884216794031	0.12101209960226608
q2	R41	0	rotation	0.25119769092008842	0.38367560276529555	-0.25119769092008842	-0.38367560276529555	0.13247791184520713
q2	R42	1	rotation	0.22796301815701153	0.34604270144980598	-0.22796301815701153	-0.34604270144980598	0.11807968329279445
q2	R43	2	rotation	0.22043031882524183	0.33658928584356601	-0.22043031882524183	-0.33658928584356601	0.11615896701832418
q2	R44	3	rotation	0.2279507362516652	0.3435985466282872	-0.2279507362516652	-0.3435985466282872	0.115647810376622
q2	R45	4	rotation	0.22831354583291086	0.34361463096542705	-0.22831354583291086	-0.34361463096542705	0.11530108513251619
q2	R46	5	rotation	0.2389618684805494	0.36466976876769408	-0.2389618684805494	-0.36466976876769408	0.12570790028714468
q2	R47	6	rotation	0.28058487481755556	0.43412911731526538	-0.28058487481755556	-0.43412911731526538	0.15354424249770982
q2	R48	7	rotation	0.24453295507075867	0.36809782062722218	-0.24453295507075867	-0.36809782062722218	0.12356486555646351
q3	R41	0	shared	0.16945803099628259	0.13151978664375288	-0.16945803099628259	-0.13151978664375288	-0.03793824435252971
q3	R42	1	shared	0.15382503158746791	0.12248259031288071	-0.15382503158746791	-0.12248259031288071	-0.031342441274587199
q3	R43	2	shared	0.14774121462970718	0.1140805649108468	-0.14774121462970718	-0.1140805649108468	-0.033660649718860389
q3	R44	3	shared	0.15373979712138211	0.11885224693323493	-0.15373979712138211	-0.11885224693323493	-0.034887550188147182
q3	R45	4	shared	0.15403217075315662	0.11947787102694676	-0.15403217075315662	-0.11947787102694676	-0.034554299726209853
q3	R46	5	shared	0.1597461600883649	0.12428566188138301	-0.1597461600883649	-0.12428566188138301	-0.035460498206981883
q3	R47	6	shared	0.1946129169989875	0.17853606750927453	-0.1946129169989875	-0.17853606750927453	-0.016076849489712969
q3	R48	7	shared	0.16536433997359828	0.12626921315000889	-0.16536433997359828	-0.12626921315000889	-0.039095126823589399
q3	R41	0	split	0.24843211357493072	0.36978493485856512	-0.24843211357493072	-0.36978493485856512	0.12135282128363439
q3	R42	1	split	0.23584725845448845	0.35004099210284167	-0.23584725845448845	-0.35004099210284167	0.11419373364835322
q3	R43	2	split	0.21850504802052567	0.33387013061992549	-0.21850504802052567	-0.33387013061992549	0.11536508259939982
q3	R44	3	split	0.227459011696476	0.3323828705369446	-0.227459011696476	-0.3323828705369446	0.10492385884046859
q3	R45	4	split	0.23377569566011025	0.35750073547997796	-0.23377569566011025	-0.35750073547997796	0.12372503981986771
q3	R46	5	split	0.24182021700412831	0.36392756558853251	-0.24182021700412831	-0.36392756558853251	0.1221073485844042
q3	R47	6	split	0.28530535091234288	0.44229955724359921	-0.28530535091234288	-0.44229955724359921	0.15699420633125633
q3	R48	7	split	0.24791674256567423	0.36873708933609084	-0.24791674256567423	-0.36873708933609084	0.12082034677041661
q3	R41	0	rotation	0.25119769092008842	0.38237490579212274	-0.25119769092008842	-0.38237490579212274	0.13117721487203432
q3	R42	1	rotation	0.22796301815701153	0.34717683361370499	-0.22796301815701153	-0.34717683361370499	0.11921381545669346
q3	R43	2	rotation	0.22043031882524183	0.33580669102579963	-0.22043031882524183	-0.33580669102579963	0.1153763722005578
q3	R44	3	rotation	0.2279507362516652	0.34429771109046081	-0.2279507362516652	-0.34429771109046081	0.11634697483879561
q3	R45	4	rotation	0.22831354583291086	0.34625709496575463	-0.22831354583291086	-0.34625709496575463	0.11794354913284377
q3	R46	5	rotation	0.2389618684805494	0.36378477406515369	-0.2389618684805494	-0.36378477406515369	0.12482290558460429
q3	R47	6	rotation	0.28058487481755556	0.43876339539112308	-0.28058487481755556	-0.43876339539112308	0.15817852057356752
q3	R48	7	rotation	0.24453295507075867	0.36900751275865462	-0.24453295507075867	-0.36900751275865462	0.12447455768789595
q4	R41	0	shared	0.16945803099628259	0.13511855442050735	-0.16945803099628259	-0.13511855442050735	-0.034339476575775241
q4	R42	1	shared	0.15382503158746791	0.12180270964840345	-0.15382503158746791	-0.12180270964840345	-0.032022321939064458
q4	R43	2	shared	0.14774121462970718	0.11500255262760324	-0.14774121462970718	-0.11500255262760324	-0.032738662002103944
q4	R44	3	shared	0.15373979712138211	0.11791405975562164	-0.15373979712138211	-0.11791405975562164	-0.035825737365760474
q4	R45	4	shared	0.15403217075315662	0.11819938483768315	-0.15403217075315662	-0.11819938483768315	-0.035832785915473467
q4	R46	5	shared	0.1597461600883649	0.12605303448861788	-0.1597461600883649	-0.12605303448861788	-0.03369312559974702
q4	R47	6	shared	0.1946129169989875	0.17602547415031666	-0.1946129169989875	-0.17602547415031666	-0.018587442848670838
q4	R48	7	shared	0.16536433997359828	0.12663772944856494	-0.16536433997359828	-0.12663772944856494	-0.038726610525033345
q4	R41	0	split	0.24843211357493072	0.37449806676314096	-0.24843211357493072	-0.37449806676314096	0.12606595318821023
q4	R42	1	split	0.23584725845448845	0.35002284655822996	-0.23584725845448845	-0.35002284655822996	0.11417558810374151
q4	R43	2	split	0.21850504802052567	0.3330373249685214	-0.21850504802052567	-0.3330373249685214	0.11453227694799573
q4	R44	3	split	0.227459011696476	0.33237230418309449	-0.227459011696476	-0.33237230418309449	0.10491329248661849
q4	R45	4	split	0.23377569566011025	0.35183150253900902	-0.23377569566011025	-0.35183150253900902	0.11805580687889877
q4	R46	5	split	0.24182021700412831	0.3640030127442021	-0.24182021700412831	-0.3640030127442021	0.12218279574007379
q4	R47	6	split	0.28530535091234288	0.4352992258685674	-0.28530535091234288	-0.4352992258685674	0.14999387495622452
q4	R48	7	split	0.24791674256567423	0.3683431929063864	-0.24791674256567423	-0.3683431929063864	0.12042645034071217
q4	R41	0	rotation	0.25119769092008842	0.38442945034541481	-0.25119769092008842	-0.38442945034541481	0.13323175942532639
q4	R42	1	rotation	0.22796301815701153	0.34581465590545268	-0.22796301815701153	-0.34581465590545268	0.11785163774844115
q4	R43	2	rotation	0.22043031882524183	0.33497503091280006	-0.22043031882524183	-0.33497503091280006	0.11454471208755823
q4	R44	3	rotation	0.2279507362516652	0.34331133756363519	-0.2279507362516652	-0.34331133756363519	0.11536060131196998
q4	R45	4	rotation	0.22831354583291086	0.34383206890873058	-0.22831354583291086	-0.34383206890873058	0.11551852307581972
q4	R46	5	rotation	0.2389618684805494	0.3655277899072078	-0.2389618684805494	-0.3655277899072078	0.1265659214266584
q4	R47	6	rotation	0.28058487481755556	0.43538971513971569	-0.28058487481755556	-0.43538971513971569	0.15480484032216013
q4	R48	7	rotation	0.24453295507075867	0.36778975752222043	-0.24453295507075867	-0.36778975752222043	0.12325680245146176
q5	R41	0	shared	0.16945803099628259	0.13845656726252525	-0.16945803099628259	-0.13845656726252525	-0.03100146373375734
q5	R42	1	shared	0.15382503158746791	0.12323693391020356	-0.15382503158746791	-0.12323693391020356	-0.03058809767726435
q5	R43	2	shared	0.14774121462970718	0.11955105384698558	-0.14774121462970718	-0.11955105384698558	-0.028190160782721602
q5	R44	3	shared	0.15373979712138211	0.12179789872619247	-0.15373979712138211	-0.12179789872619247	-0.031941898395189641
q5	R45	4	shared	0.15403217075315662	0.11880674486359802	-0.15403217075315662	-0.11880674486359802	-0.035225425889558598
q5	R46	5	shared	0.1597461600883649	0.12681153686470378	-0.1597461600883649	-0.12681153686470378	-0.032934623223661114
q5	R47	6	shared	0.1946129169989875	0.17354122844436484	-0.1946129169989875	-0.17354122844436484	-0.021071688554622658
q5	R48	7	shared	0.16536433997359828	0.12945876868599296	-0.16536433997359828	-0.12945876868599296	-0.035905571287605326
q5	R41	0	split	0.24843211357493072	0.37629492570372058	-0.24843211357493072	-0.37629492570372058	0.12786281212878986
q5	R42	1	split	0.23584725845448845	0.35301553651666079	-0.23584725845448845	-0.35301553651666079	0.11716827806217234
q5	R43	2	split	0.21850504802052567	0.33720681525612151	-0.21850504802052567	-0.33720681525612151	0.11870176723559583
q5	R44	3	split	0.227459011696476	0.33645820299693779	-0.227459011696476	-0.33645820299693779	0.10899919130046179
q5	R45	4	split	0.23377569566011025	0.35141694061720818	-0.23377569566011025	-0.35141694061720818	0.11764124495709793
q5	R46	5	split	0.24182021700412831	0.36430570874018953	-0.24182021700412831	-0.36430570874018953	0.12248549173606121
q5	R47	6	split	0.28530535091234288	0.42929820875348323	-0.28530535091234288	-0.42929820875348323	0.14399285784114035
q5	R48	7	split	0.24791674256567423	0.37102211176794792	-0.24791674256567423	-0.37102211176794792	0.12310536920227369
q5	R41	0	rotation	0.25119769092008842	0.38623265347161961	-0.25119769092008842	-0.38623265347161961	0.13503496255153119
q5	R42	1	rotation	0.22796301815701153	0.34668942393101104	-0.22796301815701153	-0.34668942393101104	0.11872640577399951
q5	R43	2	rotation	0.22043031882524183	0.33908077525087998	-0.22043031882524183	-0.33908077525087998	0.11865045642563815
q5	R44	3	rotation	0.2279507362516652	0.34619668978202117	-0.2279507362516652	-0.34619668978202117	0.11824595353035597
q5	R45	4	rotation	0.22831354583291086	0.34363969443087916	-0.22831354583291086	-0.34363969443087916	0.1153261485979683
q5	R46	5	rotation	0.2389618684805494	0.36567511680235343	-0.2389618684805494	-0.36567511680235343	0.12671324832180403
q5	R47	6	rotation	0.28058487481755556	0.43277873559879598	-0.28058487481755556	-0.43277873559879598	0.15219386078124042
q5	R48	7	rotation	0.24453295507075867	0.36888561583946444	-0.24453295507075867	-0.36888561583946444	0.12435266076870577
